Pixel Count Score,Sharpness Score,Off-Angle Score,Dilation Score,GLS Score,Quality Score
4.03,14.98,6.86,65.67,5.76,0.74
3.51,14.86,5.81,87.5,5.84,0.69
4.73,18.27,5.84,61.24,6.47,0.78
3.46,21.04,5.18,28.9,6.59,0.73
4.4,12.15,5.81,66.76,5.99,0.72
4.9,13,12.21,76.81,6.51,0.66
5.1,15.77,8.1,79.73,6.26,0.68
1.64,14.07,0,22.6,5.63,0.67
3.86,16.37,9.01,79.61,6.18,0.76
4.72,13.45,5.51,47.72,5.34,0.71
3.68,12.6,6.83,93.84,5.72,0.73
2.14,19.58,30.52,97.43,5.26,0.69
2.05,14.47,6.81,61.28,6.09,0.67
2.5,17.88,11.02,89.51,5.79,0.72
6.99,25.91,7.67,91.02,6.61,0.79
5.69,17.17,11.53,77.67,6.02,0.68
3.01,17.35,4.33,87.03,5.93,0.75
1.04,13.19,19.02,83.76,5.7,0.69
3.66,15.98,6.93,85.16,5.69,0.69
4.64,16.84,5.58,73.29,5.5,0.82
3.22,13.35,0,69.89,5.44,0.72
2.97,17.46,5.97,66.07,5.4,0.79
7.33,10.77,14.53,93.02,6.72,0.67
6.16,14.72,12.32,80.45,5.93,0.69
4.81,22.42,9.94,83,6.67,0.69
2.41,12.25,0,90.88,5.69,0.67
2.46,14.08,6.11,64.35,5.29,0.76
3.13,9.05,0,89.1,5.24,0.69
3.42,12.06,3.33,79.79,6.97,0.67
12.78,11.89,1.42,62.35,4.79,0.7
2.42,36.71,10.22,72.89,6.08,0.72
5.02,11.83,17.01,86.93,5.72,0.67
6.17,9.45,6.51,93.5,6.4,0.68
3.7,13.54,0,98.07,6.49,0.67
1.82,12.59,4.83,94.79,5.46,0.7
3.29,22.65,12.69,87.09,6.63,0.68
2.52,21.55,22.21,94.23,6.6,0.72
2.79,30.55,31.81,97.1,6.19,0.7
2.9,17.6,6.8,40.82,5.77,0.75
5.14,7.3,7.11,74.25,6.84,0.7
1.88,25.6,34.87,96.86,6.58,0.68
6.65,16.48,13.29,81.87,6.47,0.66
2.2,17.79,4.63,9.46,5.67,0.82
3.63,39.92,17.53,92.77,6.6,0.73
3.93,16.13,5.4,37.25,5.96,0.78
5.95,10.06,12.62,78.02,5.55,0.72
4.38,10.03,17.73,96.24,5.21,0.71
5.39,13.21,13.19,79.21,6.42,0.7
1.48,15.44,38.91,98.25,5.47,0.67
2.56,14.95,10.02,92.78,5.93,0.75
3.7,18.27,5.88,80.27,6.14,0.7
3.36,36.13,21.1,94.08,6.25,0.76
2.87,15.19,7.01,62.96,6.75,0.76
3.67,14.31,4.56,51.67,6.07,0.72
2.7,21.39,16.01,90.45,5.59,0.74
1.85,14.11,10.36,94.63,6.51,0.67
1.8,18.37,8.52,44.17,6.67,0.68
7.85,19.84,4.76,63,6.14,0.78
2.23,10.23,9.07,82.08,5.37,0.68
1.47,13.68,3.57,82.71,5.09,0.7
1.26,12.53,41.76,99.66,5.6,0.67
1.72,29.67,16.5,88.96,5.48,0.68
1.13,14.09,22.38,88.26,5.47,0.66
6.81,12.57,3.53,74.05,5.35,0.81
3.04,33.19,10.51,83.13,5.31,0.71
5.62,14.37,11.49,81.77,5.86,0.69
2.85,18.05,7.09,74.84,6.61,0.66
5.41,10.06,16.12,89.03,6.12,0.7
4.48,14.62,9.17,93.78,6.79,0.71
1.61,12.56,7.31,93.51,5.61,0.68
2.63,15.43,0,89.81,5.6,0.67
1.48,20.98,143.53,99.79,5.44,0.66
7.02,19.43,4.75,68.11,5.67,0.72
2.43,15.62,5.23,84.55,5.89,0.77
4.27,18.12,10.07,88.77,5,0.71
6.02,11.4,10.71,80.31,5.91,0.68
7.03,16.91,4.98,63.86,5.58,0.84
2.3,13.4,14.17,88.81,5.95,0.67
1.26,19.48,5.48,86.98,5.65,0.7
5.9,14.38,12.01,75,5.6,0.7
6.67,23.7,11.73,93.47,6.41,0.72
6.49,16.56,14.42,83.66,5.76,0.73
2.13,17.52,4.92,28.36,5.76,0.69
3.78,15.85,8.96,68.63,6.44,0.66
3.2,11.28,10.93,87.6,5.91,0.76
2.79,13.15,23.13,97.27,5.95,0.67
2.84,12.21,0,99.54,6.01,0.7
4.46,14.25,5.73,48.11,5.35,0.78
4.62,13.59,5.19,40.19,5.27,0.75
1.83,14.98,8.45,64.21,5.06,0.67
3.05,20.36,8.04,51.47,6.25,0.72
6.08,16.93,15.26,89.69,5.82,0.74
6.71,11.32,10.23,79.28,5.63,0.73
2.27,24.83,17.01,89.45,6.55,0.77
1.86,11.75,11.62,93.2,5.86,0.69
6.78,21.31,5.2,66.58,5.44,0.82
5.76,18.09,5.89,70.47,5.61,0.75
6.04,14.26,9.3,91.05,6.02,0.77
1.95,15.77,6.43,54.92,5.82,0.72
5.98,14.54,10.4,93.96,5.77,0.79
0.29,13.52,69.03,98.86,5.22,0.67
1.82,16.38,4.63,89.64,6.2,0.69
4.14,14.96,3.74,62.85,6.42,0.66
3.15,11.54,0,95.39,5.83,0.68
2.5,18.64,9.9,64.69,5.05,0.69
2.79,27.77,17.37,93.56,5.7,0.75
3.13,11.38,0,92.37,5.78,0.75
2.32,21.06,8.84,68.01,6.63,0.69
6.36,13.09,14.76,83.63,5.97,0.69
2.72,22.17,6.7,33.31,6.17,0.76
5.93,17.22,5.82,71.97,5.5,0.86
3.12,29.79,23.14,93.97,6.21,0.68
5.26,11.57,13.4,83.56,5.8,0.7
3.41,20.09,6.48,35.49,5.94,0.71
3.41,11.61,6.26,94.01,6.65,0.78
6.11,12.26,15.74,88.58,6.12,0.68
6.46,15.28,5.12,69.29,5.64,0.77
3.77,9.83,0,63.53,5.09,0.77
2.87,26.13,12.47,83.19,6.3,0.8
6.28,15.1,9.85,72.13,5.94,0.69
4.14,15.31,4.51,89.9,6.02,0.76
1.38,15.93,12.21,89.52,5.82,0.66
2.08,13.76,2.74,75.94,6.43,0.67
2.67,35.09,21.58,93.4,6.03,0.76
3.87,18.46,5.3,78.05,5.95,0.72
2.79,28.11,18.34,94.46,6.1,0.75
3.34,15.28,5.61,28.4,5.83,0.75
5.19,13.63,13.73,84.38,5.37,0.78
1.2,11.67,8.23,90.83,6.04,0.67
6.2,18,6.55,87.63,5.84,0.68
5.84,11.83,14.18,82.41,6.44,0.69
3.89,20.78,5.57,33.04,5.77,0.72
4.61,13.55,8.13,89.84,5.75,0.73
5.5,17.31,13.53,79.03,5.84,0.68
6.46,12.15,13.87,86.64,5.89,0.7
2.59,35.83,8.47,66.17,5.7,0.69
2.66,16.96,5.05,41.26,6.09,0.8
5.85,16.87,19.08,90.69,5.55,0.72
3.22,21.27,11.85,86.31,6.37,0.74
3.47,15.47,19.67,94.01,5.78,0.81
3.51,36.97,18.51,96.32,5.61,0.67
1.67,13.96,5.92,46.72,5.93,0.66
2.52,20.87,18.58,92.65,6.35,0.67
3.93,8.62,9.12,72.67,7.2,0.75
7.22,14.38,16.01,87.91,5.83,0.73
5.04,13.7,5.24,85.53,6,0.76
5.66,23.13,10.12,90.89,6.49,0.71
2.17,11.3,2.21,48.81,6.53,0.7
2.93,15.27,5.65,91.87,5.51,0.74
6.64,11.06,15.66,85.27,6.2,0.73
6.98,15.22,3.51,69.52,5.71,0.7
6.67,13.17,12.62,85.53,6.18,0.7
5.16,7.98,0,96.21,5.39,0.74
1.7,14.69,12.59,95.02,6.54,0.68
3.69,9.84,0,75.29,5.71,0.74
4.76,31.95,7.95,75.46,6.04,0.74
1.5,14.42,3.42,55.63,6.08,0.69
3.38,17.74,3.87,63.1,6.15,0.7
0.97,17.56,27.32,93.88,5.86,0.66
2.64,21.9,20.96,93.14,6.08,0.72
4.64,13.92,16.23,83.69,6.36,0.71
6.3,12.54,14.03,88.15,5.73,0.7
4.83,15.94,12.31,90.43,6.14,0.79
5.79,10.71,11.73,81.95,5.82,0.74
6.37,15.44,11.53,93.21,5.84,0.71
3.58,11.62,6.65,95.63,6.58,0.68
4.76,23.15,14.8,92.54,7.15,0.72
6.44,16.99,14.35,87.78,5.8,0.76
1.21,12.75,11.02,93.46,5.86,0.78
1.42,18.82,19.6,91.57,6.04,0.66
6.01,10.73,14.09,87.88,5.65,0.73
4.27,14.79,6.13,50,6.56,0.73
6.81,15.87,4.29,69.43,5.43,0.72
1.43,15.94,18.59,93.12,6.41,0.67
4.94,14.44,10.96,79.41,6.1,0.66
5.49,13.61,15.56,84.53,5.79,0.72
3.67,16.07,8.79,58.41,7.31,0.67
4.64,14.77,6.02,60.8,5.71,0.73
3.14,14.47,27.52,95.78,6.3,0.7
6.05,12.86,11.97,79.81,5.9,0.68
5.25,16.92,11.18,75.55,6.13,0.74
5.46,16.09,13.24,78.18,5.85,0.67
4.94,12.22,18.4,88.29,6.24,0.67
3.41,15.86,8.05,62.48,5.79,0.77
8.11,14.78,4.8,82.17,5.66,0.75
2.81,10.87,13,84.1,5.49,0.77
6.71,14.25,9.89,74.33,5.87,0.67
3.38,31.32,5.85,26.85,5.84,0.7
2.25,31.18,13.04,81.78,5.93,0.66
5.3,13.86,12.69,84.6,5.53,0.78
3.25,14.43,5.24,80.35,5.1,0.67
3.61,10.91,19.93,96.1,5.89,0.7
3.13,17.84,5.61,90.9,5.59,0.71
2.69,10.83,8.9,82.09,5.83,0.77
4.15,24.95,7.55,64.59,6,0.67
4.09,16.01,9.6,72.54,6.14,0.71
2.59,34.51,25.45,94.83,5.98,0.68
3.1,15.85,10.44,68.77,6.17,0.68
3.95,24.64,11.93,93.58,6.29,0.7
4.08,10.21,24.79,97.96,5.26,0.77
5.47,16.18,13.23,75.66,6.31,0.69
1.44,26.17,34.94,96.91,6.36,0.68
2.51,12.98,10.29,76.27,5.25,0.67
1.34,16.21,24.04,94.17,6.46,0.7
6.01,11.22,15.41,84.97,6.05,0.69
5.1,13.47,17.83,88.96,5.7,0.66
8.05,15.81,7.03,84.39,5.44,0.72
4.36,15.78,5.95,65.2,4.67,0.74
1.67,13.08,7.33,92.31,5.85,0.7
3.5,18.31,10.3,74.88,6.16,0.67
2.52,17.85,17.74,92.23,5.94,0.82
4.58,21.6,12.1,93.33,6.02,0.69
3.14,33.4,9.97,74.69,5.45,0.68
3.48,15.92,6.37,66.77,5.63,0.72
6.38,17.41,2.93,61.86,5.58,0.85
1.33,15.66,20.67,93.37,5.33,0.7
4,9.06,27.55,97.12,5.55,0.71
1.62,15.69,140.69,99.83,5.63,0.68
6.75,16.3,14.58,84.38,6.07,0.75
7.03,15.42,16.48,88.91,5.9,0.69
5.79,13.16,9.82,84.78,6.71,0.67
4.65,10.06,15.26,85.59,5.66,0.69
5.79,15.38,13.92,82.14,5.91,0.69
3.65,10.25,5.32,83.69,6.5,0.68
6.18,11.58,13.58,83.72,6.09,0.68
7.04,11.59,11.32,75.64,5.72,0.72
3.55,13.67,11.11,85.42,5.84,0.72
5.25,11.05,13.85,88.52,5.78,0.69
3.54,19.09,16.99,93.44,5.44,0.81
2.25,18.61,21.44,94.65,5.19,0.67
2.85,15.79,5.55,54.02,6.59,0.68
1.42,12.85,7.08,89.49,5.51,0.66
3.29,9.71,18.46,95.91,6.36,0.67
5.67,11.98,10.4,93.48,5.99,0.72
6.28,17.97,16.75,94.33,6.55,0.78
1.99,18.69,7.45,48.78,5.27,0.67
2.59,18.04,12.88,97.27,5.63,0.67
4.59,18.56,9.02,82.54,6.31,0.7
6.88,11.89,8.08,70.91,5.66,0.76
3.6,23.55,8.72,80.64,5.64,0.8
1.58,23.81,27.21,94.07,6.74,0.67
1.72,11.02,4.38,89.86,4.88,0.74
4.01,19.97,0,79.3,6.02,0.72
1.63,13.22,9.1,83.12,5.82,0.69
7.37,19.71,10.51,91.29,6.29,0.71
6.44,23.22,5.78,62.19,6.74,0.69
2.75,12.15,0,95.85,5.49,0.73
1.82,16.41,7.72,84.77,6.04,0.69
7.8,16.49,5.08,68.66,5.47,0.73
3.38,24.87,8.38,64.62,6.69,0.66
5.2,17.55,9.76,60.61,5.78,0.75
3.57,18.19,3.66,66.25,5.97,0.7
1.8,14.61,6.01,89.3,6.21,0.66
7.49,16.27,5.31,79.14,5.53,0.69
4.87,8.56,0,95.71,6.35,0.68
5.9,12.03,14.02,86.12,5.88,0.72
6.14,11.34,14.37,81.67,5.91,0.69
2.71,21.55,18.63,93.64,6.62,0.72
1.98,14.92,2.11,66.16,5.54,0.73
2.03,15.38,3.29,30.94,5.83,0.82
6.89,18.39,10.29,91.68,5.94,0.71
1.79,14.7,8.96,96.22,6.37,0.72
7.5,14.87,5.41,73.36,5.46,0.76
3.26,19.11,13.13,89.42,6.33,0.86
5.18,14.4,14.07,83.17,5.98,0.69
1.74,11.71,0,100,6.01,0.68
3.84,36.76,22.66,96.04,6.39,0.77
1.31,12.6,4.4,85.79,5.46,0.68
4.89,9.32,12.74,91.06,6.77,0.68
1.81,25.42,20.1,92.5,6.83,0.68
4.04,23.2,9.63,81.67,6.48,0.73
3.13,19.37,7.08,32.7,6.36,0.67
6.29,11.82,15.52,87.55,5.74,0.68
6.15,12.52,4.73,69.49,5.4,0.8
3.71,17.78,12.47,87.5,6.53,0.74
2.44,21.48,21.6,92.54,5.77,0.67
2.67,16.22,19.09,95.98,5.12,0.67
1.69,16.94,10.05,93.03,5.46,0.78
5.34,12.96,11.43,71.87,5.91,0.69
2.63,19.66,22.81,95.32,5.59,0.76
1.3,15.29,2.47,47.31,5.85,0.74
3.67,16.98,2.95,54.21,5.61,0.78
4.9,16.22,15.97,87.87,5.89,0.71
3.6,27.32,17.93,93.93,6.28,0.8
2.36,15.54,11.74,93.71,6.43,0.72
2.53,25.85,13.08,89.99,5.81,0.75
3.35,18.46,11.26,89.73,5.78,0.68
2.88,12.18,11.45,70.75,5.97,0.72
1.3,18.87,7.77,95.03,5.86,0.68
3.88,23.91,32.58,97.02,7.05,0.67
2.88,15.94,7.95,83.69,5.43,0.78
1.76,14.81,6.32,92.58,5.65,0.71
7.95,16.29,5.92,74.09,6.09,0.73
2.26,18.85,10.47,79.99,6.16,0.72
5.88,12.28,9.96,76.78,5.86,0.67
3.64,12.24,4.3,71.6,7.06,0.7
6.96,15.52,5,68.56,5.94,0.81
6.44,11.75,5.67,49,6.55,0.67
1.38,14.54,2.61,82.22,5.53,0.7
4.06,14.41,11.9,93.21,6.36,0.69
6.65,13.63,2.65,62.6,5.22,0.82
4.86,14.68,2.67,62.22,5.62,0.79
5.51,10.85,15.35,89.33,5.74,0.74
6.66,13.79,12.05,77.91,5.8,0.68
2.8,27.52,8.11,63.15,5.71,0.68
4.76,20.56,3.31,83.29,6.29,0.78
3.87,24.11,14.5,93.01,5.94,0.68
8.2,10.21,13.39,93.65,6.52,0.71
3.11,21.43,20.4,93.59,6.88,0.71
2.06,13.63,7.64,94.61,5.51,0.72
6.15,15.68,9.62,66.96,5.81,0.71
1.49,18.88,23.78,91.45,6.37,0.69
3.73,32.09,16.24,91.8,6.34,0.7
8.35,16.2,4.88,89.83,5.33,0.7
5.36,10.05,5.6,66.78,7.42,0.71
5.26,16.11,6.68,77.18,5.75,0.72
1.47,13.56,13.3,97.23,5.6,0.68
3.46,13.29,0,95.85,5.64,0.69
2.06,16.73,8.11,40.76,6.63,0.86
4.52,14.23,8.2,85.78,6.49,0.69
3.99,24.44,4.89,29.41,6.37,0.68
3.73,11.28,0,98.43,5.75,0.66
5.33,10.81,15.62,84.01,5.77,0.66
6.73,11.36,11.23,83.03,5.87,0.72
6.09,11.69,14.49,81.72,5.87,0.68
3.58,19.44,9.95,81.88,6.04,0.77
3.88,10.9,15.8,94.59,6.21,0.72
4.59,11.67,6.95,84.49,6.22,0.67
7.71,21.22,11.36,90.73,5.66,0.73
7.09,19.53,9.87,92.96,5.81,0.74
4.75,11.51,11.82,89.94,6.67,0.68
4.64,8.64,16.33,99.24,5.43,0.76
2.33,16.34,2.76,81.93,5.43,0.77
1.81,10.56,3.82,95.58,5.27,0.73
3.9,15.37,14.43,93.59,5.95,0.78
2.8,15.42,8.42,87.74,6.09,0.68
2.1,12.42,0,94.05,5.5,0.67
4.16,14.88,15.32,94.31,5.39,0.78
3.4,22.38,10.69,92.68,5.6,0.79
5.27,14.2,20.84,96.63,6.69,0.67
3.03,18.09,8.06,75.37,5.6,0.68
2.01,22.9,9.89,62.38,6.33,0.66
5.05,12.5,15.19,84.23,6.43,0.68
3.51,17.81,6.13,34.33,6.24,0.68
6.04,13.27,6.28,54.12,6.43,0.69
1.38,19.69,5.16,56.83,6.27,0.66
1.73,12.64,10.96,83.14,5.84,0.67
6.91,15.23,8.81,71.48,5.97,0.72
4.76,14.05,4.36,72.51,6.13,0.7
2.62,13.62,2.38,56.56,5.95,0.68
5.33,15.47,18.31,89.72,5.83,0.73
2.29,18.07,3.88,45.14,6.05,0.74
1.41,17.36,24.38,93.51,5.43,0.67
5.41,15.21,13.56,84.81,6.23,0.68
6.86,14.45,9.49,92.3,5.95,0.69
2.17,10.28,17.95,94.78,5.68,0.7
3.17,27.6,15.19,93.33,5.25,0.76
5.6,13.4,14.43,87.06,5.85,0.71
6.84,21.39,27.56,98.18,6.07,0.73
1.39,13.24,14.01,79.84,5.13,0.68
8.35,16.38,3.64,64.58,4.92,0.74
3.85,14.4,6.42,75.44,5.62,0.78
3.2,16.45,10.69,85.8,5.38,0.74
3.73,11.89,6.12,71.75,6.01,0.73
3.75,11.83,0,93.07,6.13,0.72
4.1,12.59,10.73,90.72,6.1,0.75
6.22,25.13,5.49,64.67,6.43,0.69
4.74,15.72,13.71,93.5,5.78,0.71
1.11,15.29,14.56,90.92,5.98,0.66
2.61,18.45,10.32,92.15,6.15,0.67
3.51,11.58,14.2,93.44,5.14,0.67
4.3,15.96,2.77,42.66,5.31,0.78
4.46,20.53,15.15,93.28,6.62,0.71
1.91,12.85,10.9,80.57,5.7,0.69
4.28,13.52,5.84,91.27,5.96,0.72
3.99,35.21,6.49,56.55,5.98,0.75
7.58,17,4.45,76.38,5.43,0.78
1.86,33.15,12.5,85.1,6.28,0.66
3.56,14.21,4.23,31,6.09,0.69
3.25,15.02,5.7,28.91,5.7,0.8
3.55,29.38,14.33,87.95,5.98,0.74
5.71,13.73,16.19,89.78,5.91,0.74
4.31,15.23,15.62,93.41,5.99,0.76
4.89,13.12,18.24,90.14,5.68,0.7
6.81,17.15,6.94,72.17,5.81,0.78
1.77,14.96,3.25,11.91,6.45,0.68
4.23,19.39,4.36,43.72,5.87,0.81
8.47,15.95,10.44,88.02,6.95,0.66
2.5,20.77,30.26,95.97,6.78,0.66
2.53,21.61,43.79,99.03,6.35,0.66
3.75,23.18,6.7,96.19,6.24,0.68
6.36,9.54,13.65,85.61,5.93,0.7
4.24,12.47,13.14,85.06,6.12,0.68
6.35,13.4,8.08,84.77,6.02,0.76
2.63,12.03,5.13,51.27,5.7,0.77
8.13,12.26,11.4,80.53,6.59,0.67
8.71,17.06,4.78,61.21,5.32,0.74
3.77,10.68,8.82,88.1,4.99,0.68
4.72,22.21,12.03,88.95,6.2,0.83
3.85,17.63,32.38,96.76,6.3,0.71
7.09,9.63,8.88,78.52,6.02,0.67
2.56,23.28,7.98,48.43,6.31,0.66
6.05,8.38,10.17,80.36,5.87,0.75
2.54,16.6,18.23,89.38,5.52,0.67
3.04,21.22,0,86.43,5.5,0.67
2.71,10.63,12.22,88.97,5.18,0.67
2.49,26.38,20.17,97.11,5.59,0.67
7.34,16.96,2.9,73.27,5.59,0.71
5.43,11.23,15.94,89.6,5.86,0.76
3.01,31.48,15.88,88.79,6.52,0.66
2.61,24.27,19.34,92.78,5.45,0.81
2.19,23.72,9.93,63.87,6.21,0.69
6.63,17.02,17.71,89.33,5.9,0.73
3.73,14.75,11.92,75.85,5.83,0.77
6,12.57,12.63,79.41,6.56,0.74
2.5,17.94,9.88,85.57,5.67,0.71
5.97,14.05,6.56,88.2,5.88,0.69
2.78,18.55,23.71,93.25,6.15,0.75
2.7,36.91,14.38,87.39,6.39,0.66
4.56,16.11,4.59,33.52,6.35,0.7
5.56,17.61,13.7,93.55,6.35,0.67
3.52,19.43,7.78,65.91,6.1,0.72
3.35,11.92,17.03,96.16,6.6,0.71
2.04,12.58,2.5,41.34,5.25,0.68
2.06,14.51,7.45,94.06,6.25,0.68
2.04,15.58,10.09,77.2,5.34,0.82
4,19.15,6.63,61.06,5.94,0.73
5.45,10.64,11.11,84.85,5.65,0.7
7.09,15.55,11.85,94.42,6.05,0.71
2.16,14.27,7.66,90.15,5.24,0.68
2.33,16.97,4.69,86.2,5.4,0.73
1.76,24.09,6.7,45.28,5.98,0.81
5.98,13.7,15.33,85.6,6.07,0.79
3.17,29.17,26.45,96.11,6.28,0.79
4.46,21.86,17.91,94.96,7.11,0.7
5.5,14.59,15.16,89.34,5.29,0.74
1.5,12.88,2.07,70.59,6.02,0.71
5.69,13.2,5.65,66.69,6.02,0.83
1.64,23.1,8.93,75.6,6.3,0.66
3.17,16.38,31.68,97.92,6.29,0.66
3.71,14.5,4.61,66.16,6.16,0.72
6.44,20.33,4.99,58.02,5.71,0.76
1.33,15.45,39.14,97,6.38,0.66
3.9,19.67,12.38,88.03,6.06,0.71
4.1,19.76,4.35,73.98,5.85,0.76
2.4,11.65,5.38,33.23,5.81,0.73
2.42,23.16,19.86,94.62,5.49,0.77
5.05,13.53,12.23,76.71,6.04,0.66
4.28,12.02,5.43,22.64,6.35,0.69
5.85,10.87,15.31,86.37,6.02,0.7
2.58,13.78,14.12,83.05,6.34,0.66
1.15,14.3,3.38,78.23,5.45,0.67
4.01,16.91,11.25,86.16,5.96,0.69
2.29,11.76,3.16,73.39,6.12,0.7
2.3,21.45,28.47,96.06,5.69,0.67
4.17,14.76,15.24,92.32,6.49,0.66
3.43,16.29,3.23,66.91,6.07,0.69
2.49,10.36,15.73,87.25,5.19,0.68
7.05,15.77,17.05,88.23,5.65,0.72
3.77,29.61,14.54,89.02,6.05,0.68
2.37,13.59,7.35,93.18,5.4,0.72
5.41,16.22,13.98,80.23,5.85,0.68
2.14,17.23,28.2,98.46,6.07,0.78
4,12.48,19.91,94.64,6.32,0.68
1.6,19.72,2.79,52.55,5.68,0.69
3.73,16.33,5.99,44.24,6.29,0.76
5.76,9.41,10.15,80.98,5.44,0.68
2.43,14.72,5.41,70.68,6.31,0.68
3.09,25.49,6.71,50.79,5.64,0.83
4.24,14.94,3.95,67.87,6.43,0.66
2.61,14.56,2.59,38.77,5.92,0.7
3.34,21.99,9.91,78.12,6.46,0.74
4.21,27,9.5,82.83,5.99,0.76
4.11,11.93,16.18,86.33,6.01,0.67
2.23,20.17,4.32,40.48,6.61,0.69
3.79,15.82,9.77,78.96,6.65,0.66
6.87,12.43,4.63,65.33,5.23,0.78
6.62,12.74,5.68,71.88,5.5,0.75
1.97,23.75,32.84,96.14,6.43,0.67
2.08,18.95,21.89,93.88,6.19,0.69
3.52,20.49,10.02,83.16,5.8,0.85
1.6,14.69,322,99.97,5.56,0.66
4.04,17.87,6.99,83.97,5.95,0.79
5.13,15.31,10.17,78.01,6.06,0.66
7.98,10.17,17.33,96.13,6.8,0.7
5.9,10.3,14.83,89.76,5.63,0.73
3.11,26.35,29.74,96.47,6.38,0.7
3.68,12.51,4.31,79.86,6.96,0.68
3.48,16.92,17.5,93.32,6.13,0.77
5.93,13.4,13.82,83.92,6.02,0.74
4.97,21.87,5.27,54.05,5.14,0.73
4.21,17.36,16.03,87.31,6.27,0.71
6.78,14.55,13.68,81.55,5.79,0.72
4.95,13.58,14.1,87.03,6.04,0.73
7.4,11.6,9.34,76.53,5.77,0.7
2.6,13.04,10.91,79.53,5.37,0.71
3.79,15.62,4.2,74.72,5.22,0.78
6.3,21.51,7.32,87.01,6.56,0.7
7.75,19.96,6.28,67.01,6.06,0.71
4.88,16.25,11.07,77.45,6.04,0.68
6.39,11.88,15.03,87.95,5.72,0.7
4.72,16.89,6.7,65.25,5.53,0.73
3.61,21.15,5.9,50.07,6.21,0.71
3.68,14.85,11.31,82.89,6.63,0.72
2.79,34.89,21.41,94.05,6.31,0.68
5.74,12.33,8.7,70.96,5.74,0.69
4.61,10.11,0,94.76,6.18,0.78
5.79,11.82,13.71,81.3,6.45,0.69
4.4,12.11,10.15,79.15,6.84,0.7
3.33,20.18,23.24,96.14,5.74,0.69
2.94,17.06,16,86.22,6.26,0.73
3.89,26.93,4.73,46.01,5.47,0.78
2.61,12.04,4.75,88.41,5.05,0.73
6.08,12.71,11.16,84.3,6.05,0.68
8.24,13.71,7.93,90.9,5.97,0.71
1.93,12.18,5.21,88.74,5.75,0.68
6.09,11.84,11.46,80.34,5.74,0.8
3.65,11.17,0,57.02,5.64,0.75
3.01,20.29,18.71,94.47,6.47,0.71
2.31,21.1,13.67,79.32,4.93,0.78
3.63,21.07,8.94,75.54,6.16,0.76
6.96,14.44,6.72,77.61,5.2,0.76
3.32,17.55,21.4,95.35,6.2,0.74
4.56,11.04,12.73,82.4,6.25,0.66
7.46,18.08,5.81,65.49,5.95,0.7
4.8,25.72,8.69,84.09,6.62,0.86
3.84,8.79,0,98.77,5.27,0.76
2.41,14.69,3.58,76.51,6.87,0.68
2.81,26.01,7.84,66.1,6.52,0.66
1.8,18.27,13.97,93.28,5.75,0.75
1.6,16.42,18.44,89.73,5.36,0.67
5.09,14.09,7.04,83.92,6.15,0.74
4.1,14.83,6.42,53.7,5.81,0.73
6.2,11.62,13.24,83.94,5.39,0.77
4.76,15.28,10.56,94.98,6.03,0.73
5.62,12.81,9.29,88.02,5.78,0.69
3.89,15.88,2.25,69.67,5.96,0.78
3.68,32.93,12.45,84.42,6.26,0.71
1.37,12.66,9.64,91.31,6.18,0.69
3.76,20.33,10.73,79.9,6.26,0.73
5.44,15.05,14.77,82.45,5.75,0.76
3.61,16.87,7.65,86.29,5.69,0.73
2.74,19.73,16.96,92.87,5.73,0.72
2.39,22.72,17.45,92.12,6.25,0.73
3.12,31.58,18.89,95.55,5.26,0.73
6.37,13.08,14.59,84.78,5.85,0.7
5.9,12.24,14.29,80.28,6.25,0.67
6.28,13.06,15.1,86.24,6.08,0.77
5.13,9.45,13.64,85.68,5.52,0.71
5.31,16.61,15.39,84.1,6.14,0.69
2.64,16.19,3.08,60.79,5.78,0.7
4.65,13.38,3.81,46.97,5.65,0.72
4.32,15.84,3.56,76.54,5.4,0.83
6.22,18.85,8.14,89.79,6.24,0.75
3.8,14.48,8.19,67.92,5.99,0.75
2.15,14.23,6.38,15.59,5.75,0.72
6.07,13.16,9.47,70.7,5.93,0.66
3.55,17.6,6.15,30.62,5.91,0.73
1.97,17.61,10.4,71.05,6.2,0.67
4.1,11.82,4.01,38.3,5.17,0.75
6.36,17.27,7.99,93.21,5.92,0.73
3.53,29.68,15.07,86.81,5.91,0.73
4.85,22.84,8.36,92.38,6.02,0.74
3.67,24.39,15.17,89.79,6.76,0.73
4.46,12.03,2.83,58.65,6.6,0.67
3.53,16.92,9.51,91.94,5.58,0.75
3.56,16.39,4.29,24.64,5.71,0.67
3.94,19.13,19.6,97.4,6.06,0.68
6.36,15.38,5.76,74.6,5.91,0.74
2.66,11.41,8.31,69.41,5.31,0.67
4.28,8.75,6.91,62.77,6.62,0.66
5.28,10.55,13.8,86.39,5.56,0.7
6.77,21.55,5.52,61.74,5.73,0.78
1.4,12.74,9.99,90.09,5.67,0.66
5.81,11.55,10.57,84.45,5.64,0.67
3.73,19.43,6.7,48.08,5.71,0.8
6.5,12.74,13.61,87.29,6.09,0.71
6.21,12.9,5.6,90.52,6.03,0.8
2.39,22.29,14.16,90.77,6.11,0.8
3.49,16.19,9.7,81.86,5.41,0.73
5.67,12.33,14.53,89.01,5.73,0.75
6.62,13.98,5.72,80.01,5.2,0.73
1.25,11.28,11.69,94.83,5.89,0.66
4.52,22.1,9.21,84.86,6.17,0.7
5.99,13.86,14.46,95.12,6.12,0.74
7.09,16.35,7.58,76.88,5.43,0.73
3.78,26.32,6.33,70.32,5.31,0.75
2.65,34.9,13.6,85.4,6.82,0.66
2.06,11.9,0,86.44,5.45,0.66
2.83,25.07,23.31,95.07,6.19,0.68
14.57,16.18,11.93,77.91,6.66,0.7
1.44,13.58,2.59,80.8,5.52,0.68
4.29,20.09,15.5,91.39,5.63,0.7
6.83,10.45,0,97.39,6.06,0.75
3.57,15.26,11.9,91.44,6.36,0.7
3.89,23.38,15.79,89.6,6.3,0.79
1.26,16.69,25.75,92.39,5.89,0.71
3.91,16.37,2.7,22.8,5.72,0.75
1.44,16.83,7.71,45.37,5.38,0.69
5.85,13.92,10.71,77.09,5.84,0.67
3.61,14.83,11.59,82.44,6.57,0.74
4.15,13.88,4.99,30.43,6.06,0.73
2.57,32.43,16.8,94.02,6.3,0.66
3.24,22.71,15.68,90.33,6.68,0.71
5.34,15.4,7.87,81.4,6.03,0.74
6.75,17.06,5.78,70.38,5.32,0.83
8.61,16.14,3.86,83.4,5.98,0.72
2.03,18.57,22.84,93.19,5.55,0.71
2.19,20.19,8.77,60.82,5.93,0.66
4.11,10.94,9.38,84.43,6.71,0.79
3.58,19.2,14.12,91.23,6.73,0.69
3.66,27.22,15.85,94.47,6.35,0.67
5.23,18.63,8.74,75.72,6.14,0.67
2.24,14.65,6.52,58.07,5.57,0.68
1.35,11.82,12.92,94.94,5.64,0.67
1.91,24.22,22.09,95.29,6.35,0.66
3.78,25.25,8.56,72.16,5.97,0.67
7.45,24.01,8.4,85.94,6.3,0.69
6.54,13.2,9.49,75.83,5.94,0.68
1.34,13.01,17.28,98.21,5.65,0.67
4.71,13.9,11.99,75.94,6.47,0.66
11.79,12.33,14.69,92.4,7.06,0.66
3.92,20.33,3.52,63.15,5.85,0.75
2.79,15.73,22.14,96.13,5.79,0.68
3.08,16.73,6.02,15.47,6.34,0.69
4.26,14.4,15.16,90.92,6.86,0.76
3.17,16.73,12.4,80.43,4.83,0.86
2.35,12.93,17.13,95.43,6,0.66
5.13,17.03,6.49,69.68,5.36,0.74
1.69,17.32,16.34,91.8,6.39,0.66
3.51,16.83,10.33,84.1,5.35,0.78
3.17,10.89,11.52,88.92,5.52,0.68
2.81,15.16,6.75,74.3,5.64,0.7
4.31,29.19,6.46,77.43,5.41,0.69
6.2,15.77,16.7,88.7,5.5,0.73
6.38,12.41,17.04,87.89,5.83,0.72
4.72,14.44,6.54,91.49,5.79,0.75
5.03,13.1,13.55,81.55,5.8,0.66
1.82,24.11,13.13,78.45,6.53,0.69
6.49,14.47,11.44,85,5.74,0.68
3.56,14.24,16.44,92.85,5.55,0.72
5.91,9.33,13.56,83.14,5.91,0.68
4.51,14.93,3.47,70.98,5.68,0.77
1.45,16.13,4.46,71.63,5.75,0.72
4.22,15.33,4.93,87.76,5.42,0.76
5.94,10.54,17.34,88.96,5.55,0.75
3.86,16.34,9.73,89.9,5.67,0.78
3.18,46.42,14.88,89.15,6.59,0.71
4.37,27.78,13.42,92.33,6.15,0.69
2.83,22.04,23.03,93.77,6.18,0.69
5.71,16.39,11,76.94,6.41,0.66
3.93,13.37,6.16,80.2,4.68,0.72
5.22,10.57,0,95.3,6.41,0.76
5.09,16.1,13.22,78.78,6.01,0.66
3.91,14.53,9.78,87.23,6.8,0.68
3.87,20.74,11.89,89.64,6.02,0.69
2.43,16.8,5.6,72.11,5.39,0.69
1.82,21.17,7.82,61.73,6.08,0.74
6.32,14.82,6.83,76.1,5.34,0.82
3.09,16.71,12.74,89.12,5.48,0.67
6.23,13.48,13.07,86.05,5.86,0.7
1.31,12.57,6.81,87.94,5.44,0.66
2.84,10.87,0,96.56,5.58,0.71
9.38,19.62,14.07,95.68,6.29,0.69
3.44,17.38,19.13,93.98,6.12,0.78
3.15,18.01,12.12,89.73,5.6,0.81
7.3,13.33,12.59,83.51,5.88,0.71
3.35,12.56,9.15,90.09,6.65,0.71
3.27,18.68,9.4,71.5,5.81,0.86
4.48,15.42,8.57,80.78,5.6,0.7
1.35,19.31,18.62,93.87,5.96,0.7
5.34,17.88,9.88,77.41,6.13,0.67
4.79,11.6,4.46,29.31,6.12,0.7
2.91,18.87,5.95,23.08,6.39,0.67
7.68,19.73,8.65,90.16,5.81,0.73
3.45,27.22,6.32,55.38,5.94,0.73
1.51,16.04,9.9,90.95,5.97,0.7
3.85,13.32,0,99.74,5.66,0.67
2.23,31.25,11.17,90.48,6.14,0.67
6.54,9.84,11.26,78.75,5.95,0.68
2.34,19.06,7.4,92.73,5.69,0.74
3.28,10.96,8.68,82.03,5.37,0.69
1.23,14.37,21.6,91.82,6.13,0.68
3.3,35.02,6.23,54.47,6.33,0.72
4.52,14.51,19.53,88.32,6.33,0.67
6.99,13.43,7.35,83.47,5.26,0.7
4.45,13.35,7.03,53.43,6.9,0.69
3.88,17.83,8.79,82.01,6.47,0.77
6.57,12.3,4.34,57.54,5.56,0.71
3.79,14.38,17.16,94.2,5.65,0.75
3.83,15.08,16.81,92.85,5.72,0.77
2.93,15.56,6.73,92.5,5.48,0.78
1.44,12.82,7.19,94.32,5.56,0.72
5.82,10.53,17.82,90.97,5.51,0.67
7.58,12.82,1.34,66.46,5.41,0.72
7.59,12.34,4.46,63.29,5.42,0.7
4.1,12.16,0,80.81,6.5,0.71
1.99,13.05,8.15,89.69,6.07,0.71
2.59,18.24,24.42,94.34,6.58,0.7
3.58,15.18,7.91,63.36,5.63,0.72
2.57,18.41,3.31,87.13,6.02,0.7
3.45,18.95,5.14,83.08,5.68,0.81
1.85,27.12,10.89,79.1,4.91,0.69
2.76,16.3,9.76,75.3,6.1,0.69
4.36,12.51,6.47,88.01,6.21,0.7
2.84,27.89,7.47,72.36,5.7,0.67
1.89,13.85,1.36,45.3,5.41,0.76
3.08,16.27,11.86,87.34,5.55,0.73
1.45,16.14,9.24,92.77,6.07,0.74
5.96,13.06,2.05,82.99,5.61,0.69
7.38,16.06,15.86,86.66,6.86,0.66
5.59,14.47,12.98,78.15,5.9,0.7
4,11.62,5.72,77.42,6.06,0.67
1.4,18.27,10.66,57.13,6.27,0.66
7.49,14.15,3.69,58.3,5.64,0.75
3.33,25.99,14.59,88.68,6.72,0.67
5.92,16.61,12.39,81.03,5.86,0.68
2.07,13.3,5.35,64.56,5.07,0.8
2.8,20.88,15.29,89.81,6.52,0.71
2.17,15.81,13.63,83.99,5.61,0.68
7.05,16.51,5.45,92.26,5.79,0.72
4.11,10.42,0,89.39,5.84,0.69
7.22,15.26,4.37,71.11,5.15,0.75
5.66,14.48,10.4,92.11,5.46,0.68
1.66,14.85,16.69,89.96,5.82,0.73
1.75,12.58,8.94,94.53,5.87,0.72
4.75,13.05,14.2,87.1,5.77,0.73
4.2,21.48,18.27,95.16,6.23,0.7
5.42,14.63,9.14,93.16,6.07,0.72
2.95,26.29,18.15,92.77,6.74,0.66
5.86,9.39,11.94,78.54,6.04,0.67
3.06,14.74,26.76,97.24,5.77,0.68
2.28,12.71,0,92.82,5.58,0.67
5.39,12.39,10.04,75.23,6.02,0.66
2.14,23.9,27.04,94.4,6.18,0.68
2.6,23.63,18.65,94.14,6.64,0.7
4.5,14.45,6.75,76.47,5.79,0.75
6.62,11.88,1.25,87.44,5.21,0.76
3.49,19.76,7.28,52.09,6.57,0.68
5.09,11.75,14.87,83.19,5.84,0.73
1.36,32.2,21.99,90.22,7.02,0.67
3.08,12.04,0,93.75,5.79,0.71
7.17,16.53,6.07,87.98,5.39,0.71
6.02,10.83,11.88,85.62,5.8,0.75
2.44,13.41,9.86,69.54,5.73,0.67
4.89,12.15,6.74,60.92,6.04,0.74
1.96,36.55,27.67,96.35,5.2,0.7
6.72,15.67,16.99,88.69,6.41,0.71
3.48,13.87,9.1,80.41,5.51,0.71
4.03,21.66,7.94,63.98,5.69,0.69
3.67,16.88,7.21,72.95,7.16,0.66
5.22,9.41,16.02,93.67,6.69,0.67
2.57,27.57,22.96,93.83,6.17,0.67
3.65,22.96,8.82,78.29,5.62,0.69
0.48,24,22.27,34.79,6.84,0.73
0.16,13.81,0,99.16,5.11,0.68
2.59,12.5,0,94.04,5.64,0.76
2.9,13.53,18.93,91.04,6.64,0.69
0.23,18.33,17.96,1.91,4.75,0.67
3.6,28.79,11.06,79.32,5.9,0.73
2.15,29.23,8.11,53.06,5.97,0.71
2.89,22.58,6.65,65.57,6.71,0.74
3.59,19.22,14.32,92.8,5.82,0.88
3.47,15.47,5.94,82.43,5.58,0.7
3.2,9.88,0,99.09,5.25,0.76
3.61,17.24,11.38,86.34,5.96,0.68
4.92,16.44,7.03,74.87,6.95,0.7
2.69,22,32.95,97.25,5.95,0.66
7.55,11.87,10.64,82.21,5.83,0.68
2.17,18.1,8.89,58,6.24,0.67
5.73,12.96,12.58,82.38,6.03,0.66
3.44,14.54,8.49,85.38,6.73,0.67
1.46,11.1,36.02,99.13,6.02,0.69
0.96,14.93,24.87,93.54,5.98,0.68
1.51,19.39,25.69,93.72,6.59,0.66
3.5,17.07,4.43,51.03,5.41,0.81
3.47,13.79,8.09,86.36,6.19,0.73
6.62,12.03,10.7,81.94,5.57,0.73
5.55,15.83,11.76,76.32,6.23,0.73
2.79,24.26,18.59,94.43,6.5,0.75
2.33,22.91,10.57,76.03,6.24,0.74
3.64,22.19,11.09,86.59,5.65,0.68
3.17,16.39,6.96,71.09,6.17,0.81
4.24,20.78,9.74,84.53,6.41,0.7
2.71,16.64,5.94,45.4,6.29,0.72
2.76,13.48,0,61.76,5.7,0.7
4.84,12.16,18.33,90.35,5.59,0.71
3.76,32.15,15.34,90.1,6.28,0.69
7.02,16.01,5.69,89.94,5.67,0.78
1.79,20.35,24.44,92.14,5.87,0.66
2.83,12.81,14.99,91.33,5.37,0.7
1.82,11.93,19.65,95.83,5.67,0.69
3.84,10.96,0,94.86,5.81,0.72
3.19,10.84,7.78,94.2,6.5,0.68
2.18,12.91,0,99.38,5.96,0.68
3.02,20.16,20.38,96.01,5.69,0.72
3.45,34.8,22.37,94.45,7.01,0.73
4.61,11.29,17.54,95.06,6.12,0.67
1.52,17.78,23.88,94,6.58,0.71
2.08,19.95,9.19,63.72,6.09,0.68
2.62,15.67,5.31,90.47,5.72,0.72
7.44,14.21,7.28,69.84,5.65,0.74
3.37,28.39,12.29,86.25,5.84,0.67
6.09,11.17,14,85.4,5.78,0.69
3.01,17.91,5.05,13.43,5.75,0.71
2.23,28.07,8.3,57.49,5.9,0.69
2.8,10.17,2.25,63.54,6.32,0.69
3.99,12.48,9.49,91.62,5.48,0.67
1.26,15.14,7.37,80.71,5.69,0.66
3.39,14.74,16.61,93.32,5.59,0.83
5.37,18.81,14.02,88.88,6.51,0.67
6.18,10.37,12.61,82.96,5.84,0.69
6.16,14.05,1.71,20.59,5.46,0.79
2.96,26.48,10.72,87.56,6.47,0.8
2.54,22.68,20.55,93.57,5.55,0.71
3.26,10.05,0,17.8,5.62,0.82
3.11,15,24.77,95.6,6.33,0.66
3.06,15.8,5.17,47.98,5.51,0.73
1.72,15.06,10.25,89.07,5.88,0.69
4.27,10.08,22.87,97.31,5.23,0.72
2.16,10.39,1.15,10.12,5.46,0.76
1.95,10.74,2.24,85.37,6.16,0.67
2.31,15.03,5.77,35.94,5.67,0.73
7.64,15.27,6.05,79.74,6.94,0.7
6.08,12.87,10.68,79.29,5.79,0.67
3.34,29.31,15.54,90.3,6.67,0.71
1.51,26.54,32.88,95.47,7.34,0.67
5.35,14.31,11.91,79.5,6.55,0.66
4.01,12.67,8.31,73.56,6.17,0.69
6.59,13.02,12.09,94.22,6.28,0.68
1.76,10.87,3.4,80.32,4.7,0.81
1.86,17.92,7.88,93.36,6.44,0.68
2.54,15.62,8.96,68.91,6.69,0.75
3.12,10.94,0,96.96,5.61,0.7
4.07,13.79,2.24,54.44,5.59,0.72
2.48,26.24,15.54,91.87,6.87,0.66
3.84,27.74,9.11,79.43,6.45,0.69
2.77,20.24,17.83,94.77,5.97,0.71
5,11.47,12.45,83.82,5.66,0.81
2.64,13.91,5.77,52.49,5.42,0.7
6.42,21.27,4.98,51.96,5.61,0.79
1.59,14.48,12.85,93.19,5.85,0.67
3.04,17.07,11.63,92.69,5.99,0.74
2.36,12.18,14.94,90.82,5.7,0.67
2.84,18.39,11.33,91.07,5.99,0.72
1.18,10.42,10.22,95.09,5.02,0.67
2.48,21.12,12.02,85.15,5.59,0.69
1.45,16.01,8.13,73.47,5.59,0.7
1.6,15.13,7.96,90.1,5.34,0.69
5.74,17.65,11.14,77.32,6.41,0.66
1.44,12.6,22.06,91.66,6.24,0.68
2.49,16.69,5.04,92.14,6.23,0.72
4.92,19.22,14.9,95.68,5.96,0.69
5.53,10.51,13.78,85.44,5.49,0.76
1.46,13.51,1.53,23.09,6.07,0.69
5.39,19.48,10.47,87.78,6.03,0.69
2.12,10.38,0,96.78,6.6,0.69
2.13,13.36,8.95,76.24,5.75,0.69
5.47,13.17,17.06,88.62,6.03,0.67
4.68,12.41,12.94,94.37,6.3,0.71
5.25,11.13,14.1,81.66,5.65,0.7
3.75,16.06,19.67,94.34,5.96,0.86
6.21,23.83,7.31,81.76,5.81,0.77
3.41,15.82,2.77,36.42,6.02,0.74
2.65,13.8,13.93,90.5,6.01,0.79
3.8,22.4,6.85,44.71,6.5,0.75
6.13,10.09,10.64,81.31,6,0.69
5.53,14.76,10.25,93.24,6.13,0.69
4.21,20.09,5.52,74.33,5.8,0.74
6.41,9.14,6.53,84.48,6.25,0.7
3.55,13.36,18.96,94.43,6.78,0.71
2.53,12.28,16.16,92.32,5.64,0.72
9.47,13.39,11.55,69.63,6.28,0.68
3.73,11.66,0,88.93,5.28,0.71
1.45,14.88,26.31,96.47,5.21,0.67
2.14,13.48,11.54,93.32,5.94,0.75
4.72,19.3,17.83,94.44,5.84,0.7
1.94,27.62,29.21,94.83,7.39,0.66
4.53,8.46,0,98.98,5.96,0.7
2.77,14.49,8.04,70.21,5.48,0.7
4.56,22.48,4.01,52.84,5.42,0.73
4.63,21.16,8.04,76.02,6.18,0.76
2.15,22.37,17.44,91.3,6.3,0.71
6.19,13.08,19.23,91.43,5.7,0.72
3.3,11.12,4.57,89.67,6.49,0.69
2.48,15.13,6.33,83.43,6.42,0.68
3.08,25.26,10.68,69.47,6.83,0.76
2.94,17.45,11.63,86.18,5.33,0.78
4.04,18.2,9.11,94.17,5.9,0.73
2.53,24.87,18.29,91.99,6.22,0.71
1.58,12.33,3.07,18.4,5.05,0.67
6.8,14.95,5.45,70.85,5.32,0.71
3.67,20.1,5.56,50.78,6.22,0.82
2.49,15.48,13.91,93.69,6.26,0.81
5.46,9.23,14.38,91.82,6.74,0.67
2.92,12.93,9.08,64.26,5.73,0.67
2.62,14.39,9.78,63.35,5.84,0.69
7.26,17.03,15.62,87.94,5.91,0.7
5.8,11.64,17.35,92.01,5.76,0.72
6.39,10.98,14.46,83.37,6.05,0.69
1.21,17.82,8.54,95.61,5.93,0.67
3.49,19.91,5.94,53.96,5.88,0.72
1.3,12.6,16.14,94.41,6.25,0.67
6.08,10.31,11.71,79.72,5.91,0.67
1.07,18.27,4.9,56.96,5.29,0.73
3.04,17.33,35.46,97.87,6.35,0.68
2.71,16.34,9.08,63.84,6.12,0.68
2.67,15.53,12.27,91.21,5.44,0.66
3.56,8.2,13.27,94.39,4.82,0.71
3.06,21.59,7.19,52.85,5.42,0.75
2.92,12.91,11.45,90.05,5.33,0.72
2.85,14.46,8.78,75.68,5.53,0.68
2.78,10.56,0,98.24,5.49,0.71
4.64,15.18,5.83,41.15,6.37,0.68
8.12,10.43,2.79,47.7,6.5,0.69
3.31,22.2,6.06,83.25,6.04,0.72
3.31,28.07,22.22,93.84,6.09,0.69
5.92,13.71,8.29,75.8,5.63,0.71
1.48,15.67,9.53,92.34,6.18,0.71
5.45,19.8,12.06,76.33,6.12,0.66
4.94,25.28,7.6,71.24,6.78,0.7
5.73,9.88,0,95.78,5.86,0.77
5.44,14.62,5.34,62.75,6.48,0.7
5.11,10.57,16.6,87.66,5.63,0.7
3.6,16.41,3.87,20.87,5.67,0.7
3.5,9.98,1.11,27.88,5.58,0.81
3.66,22.51,14.17,90.93,6.46,0.8
7.29,15.3,3.86,91.3,5.82,0.71
5.69,14.69,3.91,58.55,5.89,0.83
6,19.72,4.58,38.06,5.97,0.84
6.38,10.05,13.22,82.83,6.08,0.67
7.22,10.49,10.21,79.09,5.95,0.69
3.82,22.55,11.56,88.2,5.76,0.75
2.09,16.98,21.18,95.74,5.59,0.77
2.77,12.73,8.62,78.6,5.73,0.72
5.95,9.37,14.17,88.5,5.68,0.73
6.76,14.25,13.04,84.08,5.93,0.73
1.65,15.48,25.93,95.18,5.24,0.68
2.17,20.29,21.93,91.27,6.53,0.72
2.6,15.74,5.85,90.07,6.13,0.72
5.83,15.44,11.92,78.7,5.86,0.67
1.41,16.42,4.79,92.22,5.96,0.67
2.27,22.93,24.33,94.21,5.65,0.71
3.81,10.81,9.27,81.36,7.31,0.67
2.61,35.49,11.1,77.11,6.11,0.73
2.75,13.61,3.39,72.11,5.54,0.67
6.12,18.44,8.39,86.86,5.95,0.67
5.89,18.19,2.93,47.79,5.16,0.78
4.45,11.43,6.5,67.92,7.39,0.68
3.58,12.08,0,92.92,6.12,0.68
2.14,35.99,19.73,89.73,5.81,0.68
3.16,25.92,6.67,36.5,6.36,0.75
7.26,16,4.25,50.57,6,0.83
3.2,12.19,9.23,93.38,5.45,0.79
6.13,20.42,6.78,75.75,6.32,0.85
4.07,10.75,3.17,59.19,6.45,0.69
3.31,9.83,0,97.51,5.19,0.75
6.42,10.31,13.21,80.46,5.99,0.67
1.54,11.58,5.22,92.87,5.39,0.72
5.14,17.01,3.17,46.33,5.89,0.75
4.28,14.74,2.77,16.99,5.82,0.79
3.11,13.33,25.94,97.01,6.56,0.67
4.63,8.73,0,95.75,5.34,0.76
6.48,16.15,7.17,84.95,6.09,0.81
4.75,17.76,6.32,83.21,5.97,0.71
4.91,11.44,15.59,85.26,6.42,0.67
3.59,19.5,8.57,91.7,5.87,0.7
2.6,12.84,111.95,99.86,5.1,0.67
3.73,15.48,11.5,76.82,4.58,0.77
6.63,15.51,14.18,95.49,6.47,0.81
2.28,15.47,6.41,87.58,6.22,0.68
2.47,18.94,24.68,93.58,6.77,0.66
2.66,15.18,5.89,32.78,5.97,0.68
2.5,26.98,23.26,92.49,6.86,0.68
3.42,32.81,10.87,79.36,6.6,0.69
2.17,21.47,14.41,82.14,6.24,0.69
4.88,36.61,21.08,95.81,6.42,0.72
4.58,16.77,10.49,94.81,6.39,0.75
2.82,16.14,5.81,36.89,5.55,0.73
5.07,12.79,18.33,88.77,5.66,0.67
1.32,18.53,14.43,81.92,5.69,0.69
2.36,20.33,8.68,53.9,5.41,0.77
2.46,19.42,12.57,76.65,5.48,0.68
2.4,23.48,20.43,93.41,6.27,0.71
2.06,12.89,4.4,17.29,5.19,0.67
4.1,16.58,8.83,88.59,6,0.77
2.98,17.97,4.55,61.8,5.71,0.67
2.77,16.82,9.91,91.25,6.03,0.77
3.7,10.1,40.74,98.53,5.79,0.7
3.58,23.69,11.49,85.69,6.32,0.7
3.89,14.67,19.9,93.29,6.71,0.76
5.67,13.81,13.18,79.38,6.18,0.68
3.51,13.71,5.91,89.48,6,0.73
2.32,22.42,10.36,66.6,5.52,0.7
5.99,14.57,12.52,78.6,6.14,0.66
3.37,12.9,14.12,89.24,4.95,0.78
5.63,10.09,11.98,79.9,5.55,0.68
6.89,15.55,13.51,82.08,5.75,0.74
5.27,12.29,9.95,64.35,5.86,0.69
5.64,12.62,13.67,81.4,5.88,0.66
4.28,15.99,9.93,83.77,5.5,0.68
2.27,12.61,6.12,82.77,6.14,0.68
1.24,14.4,5.95,33.8,6.06,0.66
6.48,13.52,8.07,86.93,5.49,0.72
6.26,21.92,6.23,72.95,6.35,0.72
1.48,16.59,4.1,19.7,5.45,0.71
1.82,16.04,9.45,94.93,5.44,0.71
4.87,10.36,15.73,83.67,6.4,0.7
2.31,10.65,0,83.01,5.14,0.69
1.37,15.79,6.93,3.24,4.81,0.67
2.57,15.11,4.23,43.76,5.59,0.69
2.84,12.79,21.6,92.53,6.61,0.68
2.08,16.37,14.78,83.14,5.57,0.82
3.48,14.15,5.29,52.03,6.14,0.77
5.83,9.89,0,96.13,5.9,0.74
4.63,19.49,15.25,92.81,7.09,0.73
2.34,15.89,4.95,65.39,5.41,0.74
4.08,8.86,5.1,71.32,5.52,0.71
2.9,38.26,9.29,71.71,6.13,0.71
3.71,16.34,7.11,84.22,5.83,0.74
3.24,9.28,0,72.27,6.46,0.69
3.15,8.95,0,77.97,5.29,0.68
7.33,15.23,4.62,87.75,5.85,0.8
2.29,12.19,0,49.23,6.07,0.7
2.27,12.9,5.49,81.59,5.41,0.74
5.78,12.9,10.86,81.3,5.83,0.68
3.29,17.43,13.7,87.66,6.54,0.81
2.33,26.14,0,93.68,5.67,0.67
2.99,12.13,8.74,71.28,5.73,0.68
7.33,18,5.62,68.8,6.08,0.8
7.04,23.68,15.46,94.3,6.46,0.84
1.35,11.49,7.11,92.67,5.52,0.67
8.12,16.35,14.08,85.39,7.02,0.67
3.89,15.72,5.12,91.01,6.25,0.67
2.45,25.29,6.2,19.28,5.32,0.68
6.04,17.02,10.32,90.1,6.23,0.75
1.92,11.67,5.1,93.73,5.62,0.7
4.99,16.76,4.43,84.18,4.92,0.72
5.99,19.12,6.82,87.58,5.96,0.67
2.48,19.95,7.1,48.87,6.55,0.78
3.65,21.27,11.16,85.01,6.19,0.74
6.57,19.2,7.3,76.21,5.63,0.79
5.14,14.01,18.91,88.53,5.68,0.77
2.61,20.89,0,91.08,5.41,0.67
3.06,13.05,0,97.93,5.88,0.67
4,19.19,7.64,79.25,6.22,0.82
4.32,13.19,0,96.07,6.23,0.7
5.57,11.39,7.51,71.44,5.89,0.67
3,25.57,10.16,72.86,5.91,0.68
5.89,16.06,11.73,80.83,5.97,0.66
2.55,39.11,7.4,47.46,6.46,0.66
2.35,24.7,13.5,79.08,6.22,0.7
2.2,18.83,2.64,67.59,5.16,0.72
9.84,12.89,12.78,86.24,6.82,0.72
3.17,21.91,8.2,57.35,6.17,0.69
3.89,19.16,4.65,24.54,5.86,0.72
1.71,13.53,19.8,98.73,5.58,0.68
5.54,12.15,8.96,68.17,5.77,0.68
2,45.98,28.85,94.64,6.61,0.67
3.1,27.68,22.57,94.05,6.58,0.7
1.86,13.84,24.98,93.42,5.57,0.68
3.46,26.94,16.35,96.24,6.14,0.67
5.41,19.41,4.71,74.21,5.86,0.72
2.16,12.88,2.55,66.08,6.24,0.68
2.65,14.78,3.69,94.36,6.71,0.67
6.65,10.8,16.18,85.84,5.81,0.71
1.82,17.11,2.68,70.27,6.13,0.66
1.61,10.83,8.47,97.21,4.9,0.7
2.15,36.4,20.97,95.48,6.28,0.66
4,15.3,4.47,89.89,6.21,0.67
3.4,20.26,4.51,83.58,6.2,0.71
4.22,12.33,99.17,99.77,6.14,0.73
4.37,13.9,2.85,70.17,6.13,0.67
4.04,13.46,15.05,92.33,5.5,0.73
17.18,15.33,11.75,93.41,7.06,0.66
3.79,18.81,6.42,55.82,6.02,0.74
4.72,20.19,5.38,60.1,5.61,0.73
2.6,17.69,4.3,75.61,5.83,0.67
7.69,14.3,16.38,87.37,5.69,0.74
2.97,27.72,16.41,90.32,6.51,0.66
2.72,18.05,3.45,29.55,6.61,0.7
1.6,12.14,13.49,97.9,6.18,0.67
2.84,14.09,3.72,75.55,6.92,0.68
4.35,12.68,0,82.8,5.33,0.71
1.75,11.4,0,87.29,5.53,0.68
8.52,20.31,9.07,90.45,5.94,0.69
5.47,15.16,6.77,68.54,6.48,0.7
8.5,16.87,8.82,23.44,6.69,0.66
1.46,12.56,7.41,93,6.4,0.67
1.79,11.45,4.35,88.45,5.57,0.67
4.77,40.51,19.48,95.53,6.62,0.78
4.19,13.97,19.74,95.38,5.51,0.73
4.68,10.76,0,96.82,6.31,0.68
3.08,32.02,11.1,85.93,6.63,0.69
2.01,13.38,11.18,92.36,5.69,0.76
6.17,10.91,9.82,77.35,5.52,0.68
2.39,20.02,17.52,95.84,5.68,0.71
6.99,14.29,4.87,75.13,5.26,0.81
6.63,19.75,3.88,79.47,5.54,0.72
4.13,13.07,11.24,73.98,6.5,0.66
3.04,13.41,0,95.79,6.32,0.75
3.39,11.21,9.11,64.95,5.63,0.75
4.06,16.54,9.25,87.23,6.15,0.82
2.24,13.6,5.67,89.79,5.95,0.73
3.65,30.18,4.7,42.12,5.78,0.76
2.76,20.64,12.52,82.5,5.66,0.7
1.54,14.47,8.09,91.46,5.88,0.71
3.32,21.29,20.42,94.16,6.06,0.7
3.38,14.16,3.25,81.09,6.29,0.71
3.61,21.9,16.72,91.37,6.6,0.72
4.15,9.6,0,96.49,4.98,0.69
4.42,21.45,3.99,33.24,5.51,0.78
6.67,25.68,11.48,94.21,6.9,0.73
3.51,24.21,8.76,93.95,6.36,0.71
6.28,10.42,9.3,76.26,5.47,0.69
0.96,14.93,24.87,93.54,5.98,0.68
4.09,10.86,10.97,92.8,6.5,0.66
2.63,15.73,6.06,19.59,5.53,0.75
4.39,26.25,13.43,92.21,6.34,0.76
6.19,26.56,13.92,91.67,7.06,0.71
2.86,18.81,7.98,61.9,5.74,0.68
7.82,12.36,10.96,90.38,6.54,0.7
4.78,12.07,19.59,89.26,6.18,0.68
2.9,26.74,18.36,93.49,6.31,0.67
6.1,12.87,11.08,76.73,5.51,0.68
2.67,12.2,6.52,68.05,6.01,0.72
4.56,36.7,18.97,93.15,6.4,0.76
3.24,20.65,5.49,72.99,5.67,0.78
3.98,15.4,5.61,66.06,6.21,0.73
3.11,28.77,29.15,96.71,6.32,0.76
2.13,11.97,23.92,97.35,5.71,0.67
2.32,17.27,3.25,51.32,5.05,0.78
5.27,11.92,11.93,77.67,6.23,0.67
2.69,25.44,18.13,94.35,6.48,0.76
4.98,13.96,11.63,73.55,6.4,0.66
4.42,14.73,11.87,84.35,6.75,0.79
3.2,15.96,3.43,61.87,5.35,0.73
6.46,11.13,13.49,85.92,5.95,0.67
5.04,12.79,15.1,83.48,6.5,0.71
5.7,17.13,13.23,78.83,6.13,0.69
1.37,21.19,10.39,68.04,5.95,0.68
2.3,13.23,15.93,87.37,5.51,0.71
2.42,15.82,3.3,24.32,5.71,0.81
5.01,15.56,16.07,86.5,6.13,0.71
1.21,11.57,14.58,93.13,5.35,0.67
3.03,31.6,10.24,70.77,6.27,0.7
1.17,17.01,6.75,14.06,5.84,0.67
3.83,17.63,4.09,72.53,5.81,0.79
7.03,12.87,4.79,66.55,5.25,0.72
3.45,18,13.5,92.64,6.27,0.72
3.9,8.88,0,95.72,5.44,0.67
3.01,15.17,2.36,80,6.92,0.68
2.93,11.76,0,73.08,5.41,0.73
3.64,16.39,11.66,90.9,6.09,0.72
5.84,11.95,17.89,89.07,6.35,0.72
6.08,10.89,9.2,75.44,5.5,0.69
2.5,34.92,26.87,97.16,5.21,0.67
2.83,33.91,18.73,90.47,6.54,0.69
3.71,13.27,6.62,57.11,5.64,0.7
2.11,30.17,24,96.23,6.09,0.67
6.76,11.65,13.84,84.98,6.19,0.71
2.07,38.04,6.52,16.33,5.82,0.73
3.6,24.49,15.43,92.45,6.13,0.67
3.29,7.18,0,54.18,5.38,0.75
2.71,24.13,22.18,94.87,6.08,0.7
1.34,12.19,4.13,38.4,5.47,0.71
7.07,15.26,9.23,76.36,5.73,0.7
2.84,15.78,7.32,85.51,5.46,0.79
4.14,18.12,5.83,68.47,6.02,0.72
4.2,14.66,7.81,86.69,5.98,0.71
5.57,13.77,9.9,78.21,5.94,0.67
7.65,19.08,4.94,62.84,5.92,0.76
3.98,9,5.67,55.14,5.57,0.74
1.15,20.98,6.95,19.2,4.89,0.69
2.1,12.93,11.73,96.7,6.02,0.67
1.39,10.04,5.12,71.71,4.85,0.68
2.42,23.57,22.27,95.03,5.78,0.69
3.42,17.43,10.75,90.12,5.86,0.89
3.14,20.93,0,85.57,5.52,0.68
2.45,12.6,10.13,91.67,5.48,0.75
2.63,15.79,18.79,91.59,5.6,0.69
5.35,11.08,11.58,80.07,6.23,0.68
3.72,18.74,17.76,94.74,5.55,0.77
7.28,14.06,4.69,59.01,5.42,0.72
2.01,19.05,24.91,92.63,5.9,0.71
3.64,15.98,17.59,87.47,5.65,0.72
2.86,15.94,5.99,54.28,5.97,0.76
2.19,29.41,24.69,94.11,5.95,0.67
2.26,14.31,1.45,22.85,5.42,0.8
7.36,14.83,13.03,78.99,6.83,0.68
1.5,16.5,20.77,91.45,5.64,0.68
4.6,21.83,12.5,84.12,6.71,0.7
6.05,24.18,14.55,93.4,7.24,0.75
1.36,11.45,2.04,10.8,5.29,0.7
7.65,10.51,8.48,78.02,5.76,0.68
1.73,17.58,21,90.69,6.02,0.71
6.25,11.03,12.92,80.95,5.98,0.66
3.73,12.56,26.39,96.52,6.11,0.74
10.08,15.3,15.19,94.83,7.12,0.66
5.37,10.56,10.97,82.67,5.57,0.74
2.72,11.9,18.34,93.86,5.63,0.69
3.69,17.36,7.4,71.69,5.78,0.78
4.04,13.98,10.98,89.5,5.9,0.83
2.49,9.65,0,98.04,4.92,0.67
2.05,13.67,4.51,50.56,5.43,0.74
3.12,13.91,15.94,89.72,6.33,0.7
4.4,15.86,7.49,72.51,6.41,0.75
2.94,31.8,18.51,91.93,6.28,0.74
4.14,12.82,5.29,87.68,5.65,0.79
5.29,9.17,10.66,79.84,5.6,0.66
2.1,14.62,6.8,58.15,5.86,0.73
5.64,9.47,12.65,89.91,6.77,0.68
3.2,11.34,4.89,44.11,5.8,0.74
1.73,15.14,5.88,89.98,5.75,0.68
3.3,16.87,16.25,93.7,7.45,0.69
6.08,14.94,6.39,89.91,5.81,0.72
2.07,12.7,11.22,89.18,5.69,0.71
2.53,17.51,12.5,94.14,5.96,0.72
7.32,10.93,8.2,70.33,6.26,0.68
5.65,14.82,13.41,85.5,5.69,0.68
5.17,13.59,9.96,90.58,5.56,0.69
2.88,12.12,3.74,20.71,5.78,0.72
5.54,27.64,8.63,84.94,5.72,0.78
1.51,16.63,7.7,40.68,6.62,0.67
3.93,10.48,0,78.47,5.8,0.74
5.53,11.81,12.85,84.57,6,0.7
2.41,13.83,6.18,57.82,5.85,0.68
3.58,13.06,6.93,85.7,6.47,0.73
5.59,13.37,12.9,86.88,5.3,0.75
3.06,13.14,5.26,66.62,5.91,0.72
6.99,16.54,11.59,92.78,5.94,0.72
2.86,35.66,6.92,58,5.6,0.68
4.22,15,19.08,95.01,5.73,0.75
2.21,22.24,6.72,41.92,6.2,0.75
2.82,13.32,9.94,86.95,5.29,0.72
4.12,14.84,4.57,84.69,6.19,0.67
1.16,12.38,8.63,88.97,5.23,0.67
1.24,13.29,14.98,96.91,5.48,0.68
5.02,12.24,15.78,95.38,6.31,0.67
5.83,14.31,6.95,79.7,5.57,0.72
2.54,11.13,15.75,85.08,5.97,0.67
4.69,13.08,4.68,63.57,5.95,0.81
1.2,13.12,11.43,92.44,6.15,0.68
2.53,23.74,0,96.09,6.35,0.74
6.63,14.91,17.4,88.75,5.93,0.77
5.59,16.82,11.4,76.37,6.4,0.66
1.81,25.52,21.63,91.91,6.29,0.81
3.69,24.3,5.9,56.02,6.57,0.7
4.72,11.15,12.49,88.24,6.75,0.71
2.36,15.2,17.47,89.24,6.06,0.76
3.42,19.32,10.24,93.77,5.8,0.68
5.45,12.02,13.54,80.41,6.42,0.68
4.68,17.82,4.65,56.16,5.36,0.85
3.48,24.45,9.08,65.91,5.7,0.75
6.5,16.08,11.32,84.78,5.76,0.71
2.7,12.65,8.62,61.39,5.48,0.78
2.75,24.93,8.04,53.06,6.36,0.66
3.67,14.41,5.05,51.83,6.1,0.79
2.27,16.28,7.88,79.99,5.36,0.78
3.47,21.61,14.41,91.18,6.33,0.73
3.39,21.55,8.89,77.52,5.68,0.78
8.12,22.67,8.11,82.55,6.22,0.73
2.4,19.54,15.52,89.97,5.51,0.72
3.56,19.94,7.72,90.05,6.2,0.71
2.14,30.08,5.01,95,5.99,0.67
5.71,11.82,11.13,84.57,5.85,0.77
5.28,14.29,10.01,76.45,6.08,0.66
1.83,13.23,6.63,89.2,5.6,0.7
3.38,27.2,16.26,91.43,6.3,0.75
1.79,21.04,21.02,90.9,5.76,0.67
2.48,19.49,12.9,92.27,6.48,0.66
3.21,15.27,17.57,94.48,5.85,0.87
5.82,15.56,16.46,86.46,5.81,0.71
4.88,15.94,9.5,90.96,6.27,0.68
7.44,15.12,10.07,72.53,5.86,0.69
2.47,12.33,0,93.78,6.07,0.67
7.38,16.07,6.5,88.54,5.66,0.85
1.02,14.41,27.56,99.55,5.26,0.67
5.34,11.47,13.18,85.76,6.52,0.67
1.99,33.32,23.46,95.75,6.33,0.67
2.43,19.08,17.67,94.26,5.48,0.78
5.66,16.49,3.65,85.09,5.61,0.75
6.63,16.33,5.93,78.1,5.37,0.77
2.68,23.08,56.76,99.06,5.78,0.73
2.8,23.08,23.42,94.81,5.82,0.73
1.67,15.53,2.08,17.31,6.21,0.68
5.13,14.14,14.72,93.94,5.64,0.71
3.48,9.03,5.64,57.13,5.47,0.7
3.5,14.71,5.89,67.81,5.25,0.72
3.25,11.82,3.94,76.07,5.65,0.67
2.8,21.79,91.01,99.63,5.34,0.72
2.05,20.95,19.1,88.44,6.35,0.69
6.07,12.94,16.66,87,6.28,0.7
4.26,13.53,2.71,87.87,6.27,0.75
4.66,11.38,11.17,76.43,6.3,0.66
6.03,10.02,9.62,76.33,5.74,0.67
1.89,19.1,6.28,32.55,5.57,0.67
6.24,21.5,5.95,64.57,5.88,0.75
2.63,14.24,19.57,94.64,4.99,0.73
7.67,14.44,6.37,70.69,5.68,0.7
3.53,16.61,3.18,56.18,5.92,0.69
6.81,16.35,8.72,91.86,5.89,0.73
2.74,16.68,9.53,68.32,5.99,0.69
5.58,13.73,10.41,82.08,6.3,0.66
1.21,11.8,2.62,78.8,5.34,0.67
6.31,11.51,10.37,71.12,5.67,0.69
3.14,17.11,19.16,93.71,5.88,0.77
3.82,20.07,11.4,86.36,6.55,0.67
1.85,16.75,14.24,84.88,5.53,0.67
3.75,15.41,4.78,54.91,5.7,0.75
1.83,17.73,7.4,40.37,6.11,0.71
3.83,21.67,8.65,91.31,6.28,0.68
2.44,18.16,11.15,75.44,5.92,0.71
6.11,31.43,14.15,91.85,6.95,0.78
3.49,15.8,2.25,44.26,5.42,0.75
4.41,26.23,11.48,86.51,6.22,0.69
1.33,10.44,104.01,99.86,5.11,0.7
6.39,11.7,5.62,74.7,5.79,0.8
2.57,15.13,4.98,26.36,5.22,0.71
7.11,15.63,7.13,90.9,5.23,0.73
2.28,19.38,7.38,53.79,6.46,0.68
3.78,24.57,7.04,63.49,5.92,0.76
1.62,19.61,8.4,39.34,5.98,0.67
3.21,31.77,13.21,86.81,6.85,0.66
6.1,14.39,3.07,81.62,5.58,0.76
5.43,12.05,9.77,66.86,6.05,0.66
1.74,9.86,3.62,91.58,5.79,0.68
3.04,12.25,6.46,69.88,5.49,0.67
3.45,11.01,0,85.17,6.25,0.7
6.36,12.42,5.77,74.68,5.5,0.73
4.89,17.16,15.94,87.67,5.9,0.66
2.7,30.26,15.79,90.51,6.54,0.69
4.69,16.04,16.5,86.35,5.86,0.72
5.64,8.89,15.81,89.54,5.31,0.69
5.84,15.06,11.24,80.11,6.03,0.7
3.65,16.25,4.67,84.29,5.7,0.69
1.65,13.15,3.23,24.32,5.3,0.71
0.89,11.51,8.42,17.02,5.39,0.67
1.4,16.36,10.67,80.59,5.47,0.67
6.43,10.73,9,76.64,5.9,0.73
1.22,11.67,7.04,92.81,5.99,0.7
4.2,10.23,13.35,93.96,5.26,0.76
3.37,27.41,9.22,63.37,6.18,0.67
5.82,18.28,13.66,80.51,6.09,0.69
4.44,11.08,0,60.88,6.78,0.67
2.93,18.1,12.37,89.82,5.76,0.7
4.05,23.7,4.22,32.31,5.56,0.74
5.37,14.3,18.95,94.91,7.07,0.67
4.08,17.32,8.32,89.02,5.66,0.67
3.8,11.75,5.65,81.81,6.69,0.68
4.65,10.79,18.48,87.76,5.81,0.71
1.92,18.88,4.91,29.75,5.68,0.66
6.34,12.49,10.48,73.09,5.87,0.69
1.94,17.42,20.75,94.04,6.6,0.66
3.56,16.15,7.36,83.47,5.74,0.7
5.88,12.66,8.53,92.52,5.96,0.73
6.42,11.98,5.25,74.18,5.67,0.69
4.3,12.03,3.99,61.08,5.5,0.75
3.02,15.52,7.13,80.12,6.1,0.69
3.99,20.84,16.81,94.53,6.09,0.69
3.33,27.93,10.02,89.32,5.27,0.76
3.37,9.22,8.99,94.87,6.46,0.67
3.39,14.73,2.23,59.76,6.33,0.81
5.02,31.42,6.2,66.12,5.62,0.72
3.77,8.85,0,88.92,5.35,0.67
3.02,21.76,22.85,94.15,6,0.83
2.18,14.17,3.43,52.99,5.92,0.72
5.1,13.62,14.66,87.04,5.87,0.71
3.11,35.92,18.72,95.31,5.4,0.67
3.46,12.93,0,59.52,6.4,0.75
3.63,25.68,22.01,94.97,6.21,0.67
4.15,39.07,10.47,86.07,5.72,0.67
1.94,14.13,9.9,94.47,5.67,0.74
1.99,23.2,141.16,99.81,6.36,0.67
5.86,11.12,15.35,88.04,5.47,0.75
3.56,15.25,9.59,87.59,5.77,0.68
5.44,19.57,5,80.02,5.84,0.69
6.16,11.9,2.72,69.59,5.42,0.8
5.47,15.04,15.31,84,5.77,0.72
4.58,11.86,4.24,61.66,5.31,0.75
4.7,17.17,4.72,85.77,6,0.75
6.76,10.11,11.2,83.56,5.94,0.68
2.49,16.74,7.33,93.1,5.71,0.79
1.25,11.86,4.27,74.6,5.16,0.68
3.25,26.37,5.87,38.29,6,0.68
6.87,17.28,10.25,76.79,6.67,0.66
6.29,19.05,8.73,93.48,5.93,0.7
1.39,11.73,12.19,93.41,5.77,0.67
2.83,15.08,5.9,72.5,6.43,0.68
7.72,16.92,5.3,68.43,5.51,0.74
2.31,14.27,24.56,95.09,6.17,0.67
6.44,15.54,3.88,77.08,5.55,0.72
3.22,20.99,13.86,92.68,6.49,0.77
2.37,14.5,9.32,70.15,5.52,0.67
0.92,12.75,21.16,88.01,5.24,0.69
4.61,12.23,18.52,94.52,6.82,0.81
2.25,11.17,3.24,61.33,6.2,0.7
3.32,10.12,0,99.17,5.26,0.7
1.64,14.79,81.67,99.83,5.58,0.7
5.37,16.72,12.77,82.11,6.2,0.68
4.79,15.13,4.44,76.54,6.24,0.69
2.69,11.83,2.67,76.95,6.97,0.68
4.61,16.99,6.74,81.27,6.62,0.7
2.17,13.51,5.19,51.35,5.79,0.72
4.06,16.28,2.46,26.5,5.53,0.71
1.49,11.74,4.81,78.65,5.42,0.67
5.03,16.28,9.34,83.01,6.23,0.8
5.78,9.11,10.88,76.87,5.67,0.72
5.08,23.2,5.95,33.31,6.29,0.71
1.61,18.56,14.62,76.91,5.31,0.69
5.66,14.18,3.53,59.98,5.5,0.73
1.17,13.59,12.12,43.05,5.35,0.72
4.37,15.67,7.25,77.27,5.77,0.75
1.15,10.54,0,24.65,5.1,0.66
5.8,15.68,14.19,94.41,6.43,0.72
1.45,14.76,21.12,91.15,6.04,0.67
1.25,16.87,18.46,91.79,6.47,0.66
5.69,9.28,0,46.88,6.15,0.76
5.22,17.59,8.82,75.95,6.13,0.67
4.46,16.63,9.12,77.26,6.7,0.7
6.59,13.82,15.72,87.19,6.5,0.73
4.11,11.68,5.68,26.09,6.24,0.7
1.57,10.85,1.27,11.9,5.51,0.7
3.35,16.14,4.89,83.69,6.44,0.67
3.56,14.84,29.56,97.17,6.56,0.67
2.73,15.19,7.83,91.26,5.83,0.69
6.04,9.83,11.86,87.74,5.66,0.71
3.48,24.16,14.93,91.65,6.39,0.72
6.29,20.43,6.78,71.07,5.69,0.74
3.72,15.17,8.39,68.2,6.15,0.67
2.91,18.05,15.47,84.2,6.88,0.72
2.66,23.52,27.04,95.42,6.22,0.66
6.39,9.84,11.94,78.87,6.03,0.66
4.23,16.21,12.07,91.77,5.8,0.75
1.75,26.74,21.01,89.39,6.19,0.66
5,16.39,15.78,93.75,6,0.75
7.47,14.86,11.92,78.31,5.68,0.71
1.45,19.02,9.61,64.75,6.19,0.7
3.68,16.34,5.08,43.89,7.03,0.66
3.77,24.03,0,95.77,5.32,0.66
2.76,17.76,17.78,94.05,6.36,0.67
2.33,18.11,6.68,2.31,5.98,0.73
1.58,17.45,14.1,84.01,5.68,0.66
6.69,11.92,11.19,80.61,5.79,0.73
4.03,16.76,12.33,94.38,6.11,0.73
5.06,13.75,4.55,54.69,6.12,0.73
2.98,22.6,19.11,93.99,6.6,0.7
6.61,14.27,8.57,87.51,5.65,0.7
1.69,14.08,5.03,92.68,5.59,0.69
5.08,14.4,13.49,86.32,5.9,0.72
3.58,17.22,0,95.85,6.09,0.68
3.19,18.39,6.37,71.53,6.8,0.67
7.49,15.43,7.87,70.14,5.61,0.76
3.53,18.83,10.09,82.58,6.05,0.69
3.72,14.53,22.55,97.14,5.71,0.85
2.04,28.89,9.84,56.38,5.74,0.73
6.73,12.44,7.84,70.24,5.83,0.68
3.16,16.5,1.85,46.3,5.91,0.78
6.47,13.21,15.01,84.43,6.36,0.73
6.3,16.35,18.47,90.19,5.49,0.73
5.13,22,17.12,93.32,6.52,0.7
5.63,20.76,5.35,52.73,5.42,0.86
8.58,15.78,21.1,87.35,6.05,0.75
3.15,7.3,0,57.32,5.47,0.75
3.42,16.72,3.97,13.67,5.65,0.68
5.18,12.67,17.13,91.39,6.22,0.67
8.14,14.71,11.21,94.25,5.97,0.71
5.4,15.41,9.23,84.61,6.19,0.67
4.87,12.22,16.25,88.03,5.76,0.69
3.92,21.44,16.54,93.38,7.07,0.69
4.48,14.55,0,91.74,6.34,0.68
1.63,17.03,6.91,94.11,5.87,0.68
6.41,15.23,4.19,74.26,5.43,0.76
2.88,9.17,4.07,67.07,5.68,0.67
3.35,29.6,6.29,77.85,6.45,0.71
3.32,35.08,18.43,92.72,6.33,0.68
2.51,34.22,22.24,93.75,5.97,0.71
3.98,19.25,14.7,94.58,6.37,0.68
6.72,9.9,11.93,83.88,5.52,0.82
5.74,13.35,15.33,84.1,6.07,0.7
7.67,15.77,9.47,69.82,5.8,0.72
6.4,14.42,8.33,92.06,5.94,0.71
2.72,22.42,21.8,93.31,6.07,0.72
5.39,13.26,13.41,79.73,6.41,0.71
1.99,16.31,12.66,84.57,5.83,0.67
2.59,28.56,23.56,93.9,7.4,0.66
2.42,13.12,0,79.58,5.78,0.75
7.45,19.03,10.54,91.23,5.6,0.74
2.12,18.76,9.2,79.3,6.22,0.67
4.14,13.87,4.45,68.32,6.1,0.74
3.98,17.44,5.74,37.78,6.19,0.7
2.51,12.3,21.5,93.51,6.5,0.66
6.01,9.92,12.42,81.98,5.85,0.7
5.13,13.75,4.28,74.07,6.11,0.72
4.51,20.47,5.52,60.5,6.61,0.7
1.7,13.62,6.72,91.09,6.06,0.68
3.3,33.98,13.6,90.74,6.44,0.67
6.12,13.04,14.23,85.24,6.09,0.76
2.39,16.5,7.64,76.79,5.93,0.68
5.18,15.01,5.9,45.44,6.8,0.67
6.36,14.71,10.1,80.84,6.18,0.67
2.25,13.03,0,90.46,6,0.71
3.88,13.36,6.61,70.16,4.17,0.68
2.44,23.24,6.74,49.18,6.4,0.71
4.78,13.14,9.13,72.99,6.33,0.66
3.53,7.85,0,57.72,5.41,0.78
3.19,29.7,12.91,81.36,6.48,0.7
3.45,9.39,108.89,99.77,5.5,0.68
1.06,15.45,11.68,84.78,5.98,0.66
4.11,14.01,9.11,86.95,6.77,0.66
3.89,17.34,6.63,65.61,5.74,0.8
13.22,16.53,15.41,93.13,7.18,0.68
6.09,10.58,12.84,83.86,6.44,0.66
2.67,13.89,8.66,73.71,5.26,0.74
8.25,13.59,5.75,90.82,5.67,0.84
4.29,18.87,13.01,92.81,5.57,0.79
1.37,13.24,2.03,10.37,5.12,0.7
4.89,16.53,9.32,95.74,6.29,0.73
6.36,12.34,19.5,90.72,5.92,0.74
5.98,9.35,13.95,86.6,5.5,0.72
5.29,9.67,19.67,90.56,5.44,0.71
1.26,15.66,5.42,89.29,5.9,0.71
4.45,33.19,13.13,87.3,6.5,0.69
3.63,16.72,13.47,89.12,6.64,0.69
1.97,11.47,14.07,98.73,5.07,0.76
2.25,13.33,0,13.36,5.89,0.69
3.89,13.17,9.77,88.93,6.11,0.67
5.89,10.58,12.62,84.01,5.33,0.77
3.72,17.99,11.48,89.11,6.08,0.74
4.58,13.82,5.26,93.97,6.15,0.76
1.48,14.77,1.84,11.2,5.84,0.66
2.71,26.23,10.39,76.17,5.69,0.7
3.34,11.34,10.01,86.45,5.85,0.75
4.72,13.63,14.95,83.14,6.54,0.71
1.67,25.45,25.14,96.65,6.1,0.72
2.6,13.89,18.92,90.98,6.13,0.73
0.82,15.96,8.64,17.02,4.91,0.67
3.74,10.98,0,56.01,5.54,0.72
1.34,19.6,24.35,95.23,5.92,0.79
6.28,10.18,12.13,79.46,6.08,0.66
3.1,13.72,17.59,94.31,6.15,0.77
2.76,32.21,5.92,19.09,5.7,0.7
2.83,18.34,8.66,72.72,5.69,0.67
4.21,10.74,0,99.8,5.7,0.68
6.02,13.92,13.09,79.4,5.97,0.67
5.17,21.52,4.95,45.5,6.28,0.75
6.4,9.91,13.37,82.54,6.02,0.67
4.18,16.72,15.96,92.58,5.78,0.8
5.63,9.11,17.51,90.59,5.28,0.7
2.85,11.33,0,77.59,5.56,0.7
6.16,13.07,12.91,86.53,6.25,0.73
2.79,12.9,6.99,80.26,5.93,0.67
6.66,18.09,13.78,82.11,5.82,0.75
2.3,26.55,27.49,94.91,6.68,0.66
3.46,17.05,6.61,75.4,5.99,0.67
3.94,15.56,4.37,67.13,5.03,0.73
4.94,20.85,8.61,84.94,6,0.72
2.47,12.27,0,71.42,4.76,0.78
3.24,27.2,54.65,99.27,5.97,0.68
3.1,38.45,17.19,88.39,6.18,0.68
4.1,18.41,5.89,57.63,6.31,0.87
3.28,16.53,5.88,78.97,5.66,0.68
4.02,16.51,11.27,87.13,5.79,0.68
2.09,15.9,11.45,87.92,5.81,0.67
4.25,13.1,19.11,88.1,6.24,0.66
7.16,20.76,4.94,63.81,5.72,0.75
2.97,11.91,2.28,90.72,5.74,0.74
4.94,9.72,0,93.48,6.29,0.74
2.54,21.49,15.28,86.48,6.07,0.74
1.74,16.22,17.05,89.47,6.06,0.66
4.63,18.57,2.34,57.21,5.43,0.75
3.93,8.83,0,98.07,5.32,0.73
4.92,17.27,9.13,96.69,6.37,0.74
1.72,14.79,9.4,94.56,5.6,0.71
1.15,14.02,13.53,95.88,5.87,0.66
5.83,12.11,5.65,75.73,6.19,0.68
4.16,17.12,5.09,70.81,5.76,0.7
2.49,20,16.61,91.44,5.6,0.75
3,17.07,7.49,69.13,5.92,0.73
6.35,14.58,2.46,52.81,5.29,0.82
7.21,13.76,10.67,72.46,5.91,0.71
2.36,19.42,30.84,97.55,5.33,0.68
5.2,11.8,10.69,74.78,6.01,0.66
5.43,10.09,14.5,87.7,5.49,0.73
8.37,15.22,9.78,92.9,5.62,0.77
1.66,12.91,5.04,86.6,5.76,0.72
3.28,20.42,11.22,92.42,5.65,0.74
5.85,15.59,10.76,77.79,5.88,0.71
4.03,29.13,12.28,85.63,5.95,0.71
2.78,26.81,9.25,87.01,5.67,0.66
2.39,19.68,3.98,62.57,5.93,0.68
5.37,19.14,14.83,90.67,6.61,0.75
4.4,19.56,13.91,87.79,6.3,0.67
4.08,16.24,19.14,95.62,6.25,0.7
2.78,33.77,20.76,94.39,6.28,0.79
3.1,18.27,3.99,85.57,6.12,0.69
7.47,17.58,5.63,77.93,5.15,0.72
2.06,13.74,9.09,65.1,6.6,0.66
5.59,11.13,0,88.28,5.54,0.66
2.51,17.17,17.27,87.76,5.99,0.68
4.78,16.46,23.39,95.96,6.67,0.68
7.32,13.36,8.29,71.33,5.69,0.72
3.95,26.15,19.04,93.74,7.66,0.66
4.16,17.27,16.69,92.42,5.71,0.84
5,21.13,12.66,89.42,6.82,0.7
4.07,28.15,8.48,72.05,5.99,0.67
1.6,14.13,4.88,47.46,5.66,0.66
2.85,14.67,4.46,66.91,5.47,0.69
3.9,7.48,8.71,95.74,5.15,0.71
5.76,17.96,3.27,67.08,5.78,0.7
1.97,14.16,15.56,94.36,5.78,0.68
3.71,12.76,5.01,83.35,5.38,0.78
2.35,17.47,5.4,23.74,5.68,0.71
2.56,18.38,7.26,81.98,6.11,0.66
2.95,15.6,5.51,40.95,5.65,0.73
3.56,15.94,7.79,62.88,6.07,0.72
4.06,19.52,8.07,77.23,6.59,0.7
8.92,15.19,6.68,89.99,5.77,0.72
5.27,9.54,17.28,94.34,6.82,0.68
6.61,11.48,9.72,76.52,5.66,0.72
3.63,15.59,11.07,95.13,6.14,0.75
5.17,15.32,5.98,53.74,6.7,0.76
2.23,24.45,9.28,70.15,6.52,0.66
5.86,13.21,11.13,72.07,6.38,0.66
2.27,16.08,13.86,94.96,6.28,0.73
3.31,12.49,1.94,70.4,6.18,0.71
3.28,15.82,13.26,85.94,6.29,0.67
3.78,15.5,5.53,69.1,5.68,0.86
4.02,13.09,6.96,77.53,6.12,0.84
1.99,18.15,19.23,91.29,6.07,0.68
4.06,13.15,12.02,89.16,5.33,0.81
4.08,16.42,4.97,84.77,5.73,0.77
2.2,20.28,8.27,53.09,6.37,0.75
6.31,15.32,15.16,89.38,5.93,0.75
2.17,15.94,31.59,99.11,5.99,0.75
1.71,21.05,20.88,87.59,5.45,0.67
4.09,27.65,14.32,93.82,5.94,0.76
5.5,15.83,7.68,62.29,5.8,0.68
2.84,32.06,5.52,24.22,5.73,0.81
6.77,15.34,5.74,90.72,5.86,0.77
2.78,11.53,0,58.48,5.52,0.67
5.24,20.64,5.13,56.1,6.42,0.78
1.86,12.26,2.3,68.93,6.67,0.69
3.25,26.66,27.22,96.16,6.41,0.71
3.79,13.45,7.42,59.67,5.96,0.73
3.17,20.78,6.31,60.31,6.02,0.72
1.44,14.02,14.21,91.4,5.68,0.75
1.86,10.85,0,28.94,5.23,0.75
6.39,12.02,14.41,88.07,5.73,0.69
3.29,14.54,12.72,88.06,5.76,0.66
3.09,14,5.81,58.97,6.92,0.7
3.08,26.25,21.08,93.37,6.37,0.7
4.79,19.68,6.78,55.9,5.82,0.71
7.39,17.54,5.84,79.81,5.48,0.77
3.64,8.94,5.69,81.59,5.5,0.71
1.31,12.08,9.35,85.86,5.4,0.7
5.1,15.77,17.46,88.19,6.14,0.69
4.42,17.22,13.92,94.91,5.66,0.73
2.2,20.85,8.66,57.88,6.06,0.69
2.53,20.8,11.57,91.44,6.38,0.72
5.86,14.43,4.93,68.45,5.14,0.8
2.57,16.62,6.49,49.05,5.56,0.74
5.38,11.69,12.77,83.04,5.92,0.71
2.92,13.25,5.43,72.83,5.74,0.67
2.58,15.45,1.9,13.27,5.96,0.79
5.25,16.06,4.75,53.75,6.59,0.75
2.73,10.75,11.11,85.29,5.11,0.7
5.54,17.77,11.18,75.55,6.41,0.66
11.24,15.77,11.54,88.41,6.97,0.66
2.8,25.62,13.24,76.12,6.68,0.66
2.83,23.25,20.13,95.35,6.43,0.68
1.23,17.97,23.04,87.69,6.63,0.69
4.53,21.15,13.32,91.91,6.16,0.67
2.2,17.45,17.07,89.32,6.23,0.68
3.26,15.02,20.24,95.29,5.74,0.7
6.52,18.56,14.34,88.34,5.73,0.77
1.83,19.09,26.86,94.69,5.61,0.66
2.68,20.02,8.63,76.06,6.45,0.67
3.92,19.08,17.97,94.41,6.66,0.71
5.94,14.71,15.34,95.27,5.73,0.72
2.45,18.03,5.64,33.05,5.51,0.7
6.22,24.97,4.68,37.29,5.97,0.77
6.72,12.51,4.21,61.27,5.62,0.7
3.07,8.51,14.93,96.82,6.81,0.76
3.53,21.89,6.63,54.06,5.6,0.71
5.86,9.13,8.64,78.54,5.64,0.71
2.48,20.4,16.43,92.23,6.69,0.79
6.19,13.13,14.4,85.73,6.05,0.75
1.94,18.8,27.98,93.83,5.94,0.68
5.48,15.76,16.52,86.53,5.89,0.73
4.31,16.84,15.73,87.37,6.56,0.66
2.95,14.44,12.96,93.11,6.33,0.69
2.1,29.06,11.7,96.54,6.06,0.67
6.44,9.24,13.5,85.85,5.6,0.73
3.46,12.23,0,90.7,5.4,0.7
1.81,13.98,16.58,94.77,6.1,0.68
5.54,11.18,17.38,94.58,6.74,0.73
1.16,13.79,3.03,91.46,5.89,0.7
2.46,16.29,26.53,94.85,6.61,0.68
1.43,11.72,7.57,91.65,5.5,0.67
1.27,11.52,11.57,96.05,5.2,0.7
6.33,11.23,9.08,72.87,5.75,0.71
3.13,24.04,18.22,93.88,6.82,0.79
3.95,18.31,10.66,84.97,6.53,0.67
3.8,20.13,5.33,52.25,5.93,0.77
3.97,27.78,14.06,93.47,5.97,0.74
4.71,11.34,16.57,84.55,6.36,0.7
2.46,24.72,17.43,92.55,6.12,0.74
0.95,18.95,15.94,85.92,5.39,0.67
1.88,18.01,12.55,69.06,5.78,0.68
4.03,26.94,15.3,93.98,5.95,0.73
3.7,15.61,4.53,16.68,5.64,0.82
2.62,15.68,5.84,16.19,5.55,0.74
3.73,15.32,6.99,60.51,6.13,0.69
2.72,16.36,8.15,80.56,5.64,0.7
2.39,18.78,30.5,96.17,6.24,0.68
2.53,14.78,5.48,81.67,6.01,0.68
5.68,10.42,17.74,90.24,5.38,0.71
3.6,28.97,22.56,94.54,6.31,0.67
2.79,21.02,19.62,92.83,6.49,0.72
6.42,23.32,6.38,60.85,6.92,0.72
4.73,16.86,10.4,76.28,6,0.71
4.74,12.88,5.12,79.31,7.13,0.7
4.97,15.26,8.14,81.86,6.51,0.66
3.43,33.48,17.54,91.12,6.57,0.73
2.41,21.42,6.29,68.09,6.15,0.71
3.08,11.14,14.51,90.04,5.65,0.72
3.6,13.42,6.99,73.23,5.37,0.7
5.87,8.53,11.25,80.7,5.53,0.67
7.1,14.74,4.28,68.79,5,0.79
3.68,23.63,16.81,92.91,7.09,0.74
5.02,10.67,0,70.72,5.99,0.69
2.63,12.22,21.96,93.9,6.51,0.67
2.25,10.93,3.17,87.88,4.72,0.73
1.42,16.67,6.02,11.39,5.76,0.69
3.64,9.63,0,27.27,5.61,0.83
1.99,14.53,5.09,88.15,5.41,0.79
5.18,7.14,5.08,57.45,7.06,0.73
4.41,8.04,7.27,94.55,5.28,0.76
4.48,25.35,10.8,87.16,5.91,0.86
1.35,15.05,12.03,94.72,6.41,0.66
6.6,14.55,17.16,90.43,5.94,0.73
3.4,9.62,5.17,60.18,4.98,0.77
2.69,19.72,22.71,93.43,6.73,0.66
3.8,9.08,0,90.93,5.46,0.67
3.09,13.16,8.99,84.11,5.62,0.68
7.09,16.36,11.04,94.54,5.77,0.8
2.2,25.89,21.46,93.52,5.76,0.7
3.1,7.09,0,73.58,5.48,0.77
6.2,24.15,11.47,89.52,5.95,0.7
3.46,34.24,22.45,94.33,6.24,0.75
2.67,28.94,24.52,94.94,5.76,0.72
3.51,16.96,10.25,94.04,6.67,0.69
4.51,11.12,10.64,73.1,6.23,0.67
5.5,11.13,15.64,84.38,6.24,0.7
3.74,16.95,12.34,92.77,6.66,0.69
3.46,13.41,7.79,69.74,5.52,0.81
5.87,11.74,14.14,86.69,5.85,0.73
6.51,16.63,7.49,92.15,6.22,0.77
3.33,34.96,18.89,91.67,6.56,0.8
2.86,13.63,5.39,63.26,5.37,0.74
5.37,10.23,12.76,87.52,5.44,0.73
3.17,18.24,15.03,90.48,6.66,0.72
3.73,15.04,12.33,91.1,6.38,0.78
3.09,24.99,7.69,52.84,6.25,0.66
4.03,22.81,5.61,32.29,6.16,0.71
1.68,18.26,12.97,93.07,5.67,0.69
2.62,35.73,8.1,67.22,5.62,0.68
2.77,16.06,12.29,85.27,6.77,0.67
4.54,15.32,9.56,79.47,6.42,0.72
1.84,12.4,9.29,84.46,5.36,0.7
5.46,17.07,13.89,89.46,6.46,0.67
4.16,16.66,3.02,64.41,5.67,0.75
4.51,12.55,4.05,58.46,5.54,0.79
5.7,8.73,0,13.98,6.09,0.75
5.81,14.89,11.34,79.26,5.9,0.74
3.05,13.72,14.92,91.74,5.45,0.68
6.11,10.25,12.59,82.93,5.83,0.7
5.14,14.7,9.86,79.44,6.36,0.66
6.21,8.02,17.95,89.56,6.36,0.73
2.24,15.43,7.07,76.61,5.77,0.72
2.59,23.94,8.45,45.15,5.18,0.76
2.82,17.58,10.1,64.68,6.13,0.71
3.27,10.4,0,62.07,5.49,0.73
3.81,19.83,6.63,77.86,6.23,0.67
4.03,19.62,13.89,93.16,6.38,0.77
4.84,13.36,14.95,84.74,6.29,0.75
2.2,15.6,6.19,92.65,6.74,0.68
7.67,12.98,4.63,68.74,5.66,0.69
5.15,10.45,0,55.15,5.87,0.72
4.59,15.21,11.05,86.83,5.25,0.8
2.65,12.49,15.54,91.08,5.66,0.7
6.07,10.21,13.11,83.77,5.42,0.73
8.46,11.26,3.94,55,5.08,0.71
6.06,12.29,7.8,86.15,5.23,0.71
1.68,13.43,7.02,92.63,5.92,0.7
3.85,29.63,17,91.1,6.32,0.69
2.38,16.49,3.74,27.76,6.07,0.74
4.46,17.36,8.02,91.59,5.33,0.73
5.4,12.93,11.18,81.43,6.36,0.71
3.43,15.18,12.76,89.27,7.09,0.67
4.24,11.31,16.33,87.78,5.99,0.66
1.91,27.35,27.29,95.79,6.38,0.68
2.04,19.17,19.34,87.96,5.63,0.74
2.82,14.02,8.8,55.68,6.82,0.67
1.95,13.83,8.37,88.5,5.21,0.69
3.33,20.32,8.47,65.13,5.8,0.8
3.7,33.15,12.36,84.1,6.3,0.67
3.75,17.15,7,53.49,5.85,0.74
2.89,15.68,6.75,36.28,5.41,0.72
5.63,10.74,17.98,89.17,5.37,0.67
3.8,28.31,25.72,96.72,5.92,0.76
3.26,22.96,18.61,93.09,6.14,0.73
4.22,12.28,7.54,76.64,4.12,0.69
5.36,13.42,12.87,83.4,5.89,0.74
7.88,14.95,4.31,81.63,5.59,0.85
4.4,11.83,17.46,85.52,5.71,0.68
2.15,13.17,5.77,63.64,5.39,0.68
3.24,12.56,1.6,63.5,5.24,0.79
3.66,6.68,0,95.47,5.66,0.67
6.66,12.53,9.28,73.64,5.77,0.71
3.06,18.04,14.82,92.02,7.52,0.69
1.28,12.64,4.63,96.01,6,0.67
1.88,20.64,9.37,59.63,5.8,0.73
3.49,17.8,7.96,66.68,5.84,0.7
6.41,13.14,4.13,79.66,5.46,0.67
1.75,11.3,2.47,10.57,5.96,0.68
4.71,11.93,6.4,53.83,5.8,0.67
3.69,22.12,20.33,94.69,6.1,0.69
2.68,19.9,19.88,90.84,6.85,0.69
5.5,15.37,4.15,16.43,6.1,0.7
2.13,12.44,8.36,71.73,5.44,0.69
1.96,12.95,5.95,84,5.48,0.68
6.63,14.49,12.69,86.2,5.92,0.76
7.18,12.43,13.88,83.82,5.96,0.72
1.64,11.23,9.93,76.55,5.39,0.66
2.43,11.88,5.28,52.75,5.79,0.7
3.03,13.5,16.18,95.34,5.01,0.74
4.23,27.38,22.3,95.99,6.16,0.7
2.46,14.31,5.91,93.03,6.08,0.7
8.47,17.25,6.32,90.7,5.9,0.8
4.99,16.98,11.54,80.66,6.25,0.68
1.64,12.63,10.05,89.11,5.13,0.69
2.97,13.68,9.57,92.64,5.55,0.78
3.46,16.58,7.88,90.01,6.04,0.68
1.25,11.79,2.98,22.49,5.07,0.67
5.93,15.19,10.44,76.71,5.89,0.72
2.21,14.21,4.37,24.63,5.76,0.67
3.53,15.81,3.95,83.85,5.13,0.75
3.87,9.72,0,94.18,5.33,0.7
4.98,9.03,5.01,31.12,6.4,0.73
2.79,15.95,24.85,94.27,6.24,0.72
4.89,15.77,10.99,76.24,6.02,0.69
3.53,21.9,21.62,95.09,6.66,0.68
5.87,10.08,12.28,77.51,5.55,0.7
1.27,11.36,4.48,48.93,5.98,0.67
5.18,15.35,13.72,78.87,6.35,0.66
4.65,12.29,7.88,70.73,5.84,0.76
3.1,23.48,8.16,59.09,6.59,0.74
5.01,16.31,5.83,52.3,6.28,0.73
2.24,20.29,7.32,50.03,6.49,0.77
5.25,12.31,11.96,77.8,6.22,0.68
2.32,13.31,8.97,76.2,5.82,0.71
5.31,15.52,4.98,87.35,6.07,0.69
6.83,14.63,12.45,93.59,6.33,0.73
6.7,23.43,5.03,46.41,6.48,0.72
1.41,15.2,17.33,91.61,5.87,0.68
1.8,15.12,8.39,94.22,5.38,0.68
2.57,15.35,1.71,85.45,5.68,0.72
7.45,11.9,6.17,71.62,5.37,0.68
3.16,12.01,4.73,83.2,5.79,0.67
5.69,16.06,13.06,84.99,5.73,0.69
19.64,12.15,12.33,92.31,7.12,0.66
5.37,17.74,9.86,77.63,6.14,0.68
5.3,12.08,14.03,87.11,5.72,0.78
4.04,14.3,20.74,95.68,5.78,0.71
4.75,14.21,8.28,93.16,6.45,0.79
2.45,23.02,6.42,12.37,5.7,0.68
5.48,14.16,6.86,91.33,6.35,0.79
7.12,13.97,13.31,85.9,5.86,0.72
7.64,13.26,4.98,79.43,5.68,0.74
2.44,15.24,14.96,94.47,6.45,0.77
1.21,13.92,25.34,93.22,6.09,0.67
6.25,28.19,7.1,76.62,5.96,0.69
2.69,36.57,15.47,83.67,6.22,0.67
2.96,29.85,23.03,95.72,6.36,0.69
3.28,18.43,4.69,44.87,6.02,0.72
1.77,18.41,21.31,93.09,6.52,0.67
2.15,14.26,9.98,89.48,5.05,0.76
1.55,17.1,15.19,83.65,6.5,0.71
2.57,14.03,3.95,28.79,5.86,0.68
2.87,16.78,6.32,79.67,6.26,0.73
5.6,10.39,6.63,91.08,6.62,0.75
1.17,10.46,5.26,87.89,5.14,0.67
2.2,42.19,6.37,14.14,5.84,0.68
2.44,24.55,27.46,95.59,5.64,0.78
3.91,15.29,4.27,54.37,5.7,0.73
4.74,11.84,4.61,10.08,6.32,0.7
3.56,15.98,3.54,57.43,5.34,0.81
5.55,12.46,13.11,83.43,6.25,0.72
8.47,16.88,5.41,84.49,5.74,0.73
1.45,17.3,21.32,98.22,6.52,0.67
2.59,25.99,18.3,93.89,5.41,0.71
4.96,11.33,14.56,87.54,5.88,0.7
2.95,15.56,10.64,79.58,6.25,0.74
2.11,15.8,4.67,57.76,5.81,0.66
2.51,10.63,15.4,87.4,5.01,0.66
6.24,15.84,14.71,88.92,5.91,0.8
7.02,11.13,8.74,77.12,5.96,0.7
1.57,11.73,23.47,95.11,5.71,0.68
3.87,10.3,0,93.82,5.79,0.79
6.47,12.05,15.44,88.37,5.74,0.71
3.08,11.11,14.03,91.61,6.01,0.75
1.93,19.46,9.81,63.31,5.64,0.67
2.03,21.6,25.72,93.13,6.47,0.72
1.19,18.25,4.94,85.83,6.37,0.66
1.81,16.82,18.94,92.02,6.03,0.74
3.72,38.91,11.19,86.02,5.57,0.68
4.84,13.61,13.64,80.93,6.05,0.66
5.88,15.9,17.32,94.63,6.5,0.74
5.61,11.17,14.25,87.39,5.45,0.8
6,18.54,9.43,86.41,6.15,0.69
2.93,22.59,6.71,54.79,5.77,0.79
1.66,14.68,13.3,78.2,6.13,0.68
4.38,11.59,13.35,85.36,5.99,0.72
3.43,14.43,9.72,83.36,5.48,0.84
2.29,13.96,6.44,73.12,5.37,0.73
3.06,17.08,21.78,93.76,5.92,0.81
2.54,23.24,6.46,27.22,5.37,0.69
2.38,35.68,7.96,55.83,5.63,0.69
3.24,18.98,9.16,86.08,6.19,0.68
3.36,26.46,14.98,88.15,6.49,0.79
7.48,12.71,13.4,86.34,6.46,0.74
3.53,23.19,19.52,93.64,6.72,0.68
3.35,32.46,19.53,93.41,5.93,0.71
6.31,14.6,14.09,88.49,6.42,0.66
4.45,20.04,10.25,81,5.97,0.74
6.69,14.28,11.74,84.84,5.7,0.69
8.42,12.74,11.28,93.98,6.52,0.71
5.8,13.47,9.63,64.01,5.82,0.75
2.51,16.2,4.48,91.33,5.66,0.78
5,21.18,4.01,48.99,5.36,0.82
1.56,20.65,20.56,93.15,6.8,0.66
4.97,22.72,10.3,85.76,6.33,0.68
7.32,12.23,2.21,50.73,4.86,0.72
6.4,17.71,2.01,82.14,5.67,0.76
5.93,14.26,6.3,88.86,5.77,0.77
6.32,13.06,9.82,73.57,6.36,0.66
6.06,12.36,14.31,81.37,5.93,0.69
2.8,9.54,12.36,81.62,7.01,0.66
5.09,18.42,5.39,59.5,5.32,0.84
5.68,15.46,11.59,80.95,6.05,0.7
5.58,9.79,13.87,85.49,5.92,0.69
6.28,13.91,8.39,86.02,5.36,0.79
6.07,9.75,12.32,77.78,5.57,0.7
6.34,15.13,11.52,86.52,5.72,0.72
3.57,9.65,6.12,93.61,6.28,0.69
3.66,14.98,36.9,98.5,5.81,0.75
5.32,16.12,11.76,76.36,6.14,0.73
3.21,24.32,6.07,39.08,6.22,0.68
6.01,12.33,14.08,87.01,5.72,0.7
3.4,12.06,16.31,93.55,6.6,0.74
3.84,14.85,7.66,83.44,5.52,0.91
1.76,13.82,7.46,91.68,5.77,0.68
2.45,15.19,21.22,92.97,5.58,0.69
3.25,16.79,14.59,96.08,5.32,0.76
3.03,14.67,5.22,38.08,6.11,0.74
4.73,16.7,23.86,96.06,6.67,0.68
5.42,13,5.19,84.56,5.75,0.77
2.79,17.17,17.93,94.46,5.89,0.8
1.28,21.74,41.35,97.42,5.95,0.66
2.02,17.85,37.71,94.11,6.37,0.7
5.46,15.73,16.41,86.21,6.24,0.71
2.89,18.86,8.96,89.95,6.09,0.68
2.33,18.04,27.46,96.04,6.22,0.72
2.47,12.82,8.5,86.33,5.18,0.67
2.49,15.19,5.75,91.2,6.17,0.89
6.29,17.6,7.51,88.52,6.01,0.69
4.55,20.8,16.08,93.26,7.07,0.71
4.76,14.68,14.32,83.78,6.34,0.75
2.28,13.72,3.6,92.44,5.46,0.75
3,19.82,9.1,81.46,6.14,0.69
3.57,10.21,0,84.17,5.17,0.68
1.84,11.59,3.41,60.47,5.58,0.68
4.5,11.51,15.37,87.48,6.38,0.73
2.41,15.8,10.5,89.04,5.88,0.68
3.36,17.54,16.99,92.53,6.14,0.77
2.69,35.14,6.35,56.36,5.36,0.7
3.87,13.54,7.65,64.43,5.81,0.75
3.29,14.86,5.67,89.92,5.79,0.78
3.13,9.93,19.04,92.48,5.18,0.7
3.24,13.46,5.58,65.63,5.91,0.76
6.03,18.93,9.46,88.99,6.3,0.75
1.11,15.59,12.89,91.49,6.2,0.66
4.63,13.4,9.7,90.26,5.3,0.77
2.7,11.12,7.6,51.39,6.25,0.72
5.66,10.14,14.72,84.7,5.62,0.71
6.74,12.07,8.34,75.43,5.66,0.67
5.06,13.48,13.73,82.43,5.29,0.67
5.36,12.95,11.82,81.2,5.99,0.72
4.84,14.58,6.47,62.5,5.5,0.86
4.99,22.55,6.49,74.33,6.77,0.69
6.53,12.64,5.11,68.61,7.05,0.72
6.44,11.34,13.92,87.04,5.94,0.71
10.61,12.2,15.1,88.16,6.98,0.67
2.87,18.25,10.1,74.38,5.83,0.68
3.01,37.75,15.55,86.23,6.1,0.67
6.17,12.95,4.06,39.95,5.11,0.77
4.16,13.12,4.55,50.67,5.88,0.76
1.97,15.39,7.39,68.82,5.97,0.66
3.8,16.23,6.5,71.77,5.54,0.77
7.21,9.63,9.46,79.61,6,0.67
5.84,8.9,18.37,89.62,5.44,0.71
5.9,17.15,6.89,84.18,5.72,0.71
2.05,27.31,20.28,94.86,6.3,0.67
5.22,17.07,14.88,86.79,5.84,0.66
4.34,23.69,14.19,92.19,5.99,0.66
6.03,13.9,16.89,86.94,6.24,0.72
1.8,15.05,2.35,64.69,6,0.71
4.1,12.83,8.71,81.21,5.46,0.68
3.97,15.44,5.27,73.43,6.24,0.75
6.56,19.31,4.76,68.73,7.24,0.68
5.61,19.74,4.63,82.05,5.48,0.78
5.54,16.95,6.05,67.91,5.26,0.88
4.04,19.92,8.61,93.41,5.82,0.8
4.34,14.21,3.82,57.98,4.93,0.8
3.46,10.96,5.39,84.58,5.98,0.67
2.86,15.6,7.77,90.47,5.46,0.8
5.54,11.95,9.98,63.9,5.95,0.67
5.49,14,6.31,76.07,6.67,0.72
4.67,21.86,15.17,92.88,6.33,0.71
7.85,15.45,5.4,70.15,5.47,0.74
5.18,11.49,9.81,69.29,5.85,0.66
5.72,11.03,18.61,89.52,5.62,0.66
3.01,27.33,11.75,96.22,6.37,0.7
6.16,11.02,13.22,84.34,6,0.75
3.68,9.66,0,24.97,5.68,0.79
7.26,13.5,8.68,80.51,5.93,0.69
6.18,20.67,6.53,81.04,6.74,0.79
2.59,18.27,5.8,55.07,6.53,0.7
2.82,14.88,30.91,96.38,6.27,0.73
4.69,10.81,32.67,97.97,5.85,0.69
3.33,12.02,0,93.78,5.37,0.69
4.19,17.61,5.71,67.42,5.91,0.81
4,29.51,7.19,62.48,6.48,0.76
5.54,12.76,11.12,84.29,5.77,0.71
2.64,12.82,13.26,85.06,5.42,0.71
1.64,16.76,3.42,52.17,5.2,0.7
2.26,20.88,26.91,93.08,6.66,0.73
3.7,19.71,5.48,62.59,6.01,0.75
4.74,17.95,6.31,87.36,5.97,0.71
2.68,33.29,8.71,62.92,6.42,0.66
6.69,15.71,4.52,94.37,6.26,0.76
6.31,10.76,15.07,93.35,6.82,0.7
2.33,18.58,79.45,99.52,5.15,0.71
3.65,15.24,6.24,68.98,6.34,0.8
1.86,17.17,9.68,71.63,6.44,0.71
1.6,22.77,11.06,63.12,5.76,0.72
3.97,19.56,4.58,54.05,5.63,0.72
1.81,13.1,9.58,87.54,5.79,0.68
2.26,26.55,0,92.49,5.7,0.67
3.5,20.14,7.42,91.93,5.69,0.79
5.51,17,12.15,76.04,5.96,0.69
3.71,7.1,6.46,95.27,5.21,0.73
5.03,11.69,4.11,66.62,6.09,0.75
5.97,10.51,12.04,81.66,6.5,0.67
2.11,9.71,0,87.27,4.9,0.68
3.96,9.58,0,95.67,5.59,0.67
3.52,12.91,0,65.11,6.41,0.76
3.13,12.86,12.24,86.25,5.26,0.68
3.43,10.27,0,87.07,5.24,0.68
3.67,16.53,4.5,59.3,5.7,0.69
2.13,13.53,3.09,22.8,5.93,0.69
2.17,11.84,1.42,83.82,5.69,0.72
7.77,17.89,8.71,70.39,5.78,0.73
4.35,12.66,16.04,88.36,6.35,0.75
5.31,15.42,5.79,87.57,6.07,0.71
2.66,28.2,8.47,79.58,5.7,0.71
1.79,17.17,17.67,90.99,5.99,0.66
4.2,8.66,16.26,94.35,6.55,0.68
1.55,11.45,7.38,97.77,5.42,0.67
1.64,21.03,17.37,82.74,5.91,0.66
5.59,35.88,13.12,91.19,6.26,0.69
3.31,14.64,19.67,95.59,5.79,0.68
3.29,18.92,8.86,78.25,6.06,0.68
2.96,11.4,20.05,94.56,5.68,0.73
5.75,16.4,5.95,92.28,5.67,0.74
1.89,13.89,15.29,96.33,5.81,0.71
5.91,12.35,12.26,76.91,5.61,0.69
1.38,16.86,10.56,82.17,6.21,0.67
6.52,15.31,13.32,88.17,6.22,0.7
3.41,11.55,0,99.93,4.29,0.79
4.65,19.25,16.79,93.47,7.09,0.67
3.27,29.96,8.65,75.46,6.21,0.73
3.81,13.37,0,87.33,6,0.71
2.06,18.38,25.05,92.35,6.3,0.7
6.34,11.81,8.92,87.5,6.51,0.67
1.58,16,2.01,30.95,6.66,0.67
3.45,32.23,10.94,80.15,6.31,0.68
1.88,17.99,27.53,97.3,6.14,0.75
2.59,14.05,9.25,86.42,6.08,0.82
2.93,19.94,14.64,93.92,5.66,0.82
3.49,11.1,8.38,88.12,4.98,0.68
4.5,19.14,10.92,92.56,6.25,0.67
4.45,11.14,9.96,92.29,6.07,0.74
6.08,11.7,6.18,83.84,5.19,0.76
4.87,13.77,8.29,87.6,5.55,0.86
5.72,11.52,15.6,87.52,6.04,0.72
3.37,12.77,0,62.26,6.4,0.74
4.05,15.32,3.9,67.68,5.74,0.75
2.85,11.19,4.61,90.56,5.82,0.72
3.82,14.5,18.12,93.2,6.83,0.69
6.11,13.56,4.94,93.4,5.62,0.76
3.51,28.37,4.4,76.4,6.26,0.68
3.42,14.31,0,87.55,5.91,0.71
4.25,19.17,6.02,54.95,5.85,0.76
2,18.64,8.47,72.11,5.35,0.67
1.89,14.38,5.31,89.79,5.93,0.67
2.32,29.5,0,93.28,6.1,0.67
3.23,12.22,0,92.95,5.32,0.7
5.71,15.57,4.25,54.04,6.13,0.71
5.83,15.08,13.42,83.54,6.58,0.69
4.35,20.58,3.18,59.34,5.98,0.81
4.4,31.36,18.99,93.68,6.29,0.74
6.38,12.76,11.31,71.31,5.77,0.66
1.34,12.74,12.71,91.8,5.68,0.67
2.04,18.99,5.48,14.11,5.42,0.77
5.95,16.71,3.71,39.35,5.98,0.74
4.77,10.84,11.42,70.94,6.16,0.67
5.95,13.81,2.48,63.37,4.83,0.87
